,N,var,Ut01,NBC_Acc,ACRA_Acc,NB_Acc,NBC_AvgUt,ACRA_AvgUt,NB_AvgUt,NBC_FPR,ACRA_FPR,NB_FPR,NBC_FNR,ACRA_FNR,NB_FNR
0,0.0,1.0,0.0,0.8905299739357081,0.9131190269331017,0.6185925282363163,0.8905299739357081,0.9131190269331017,0.6185925282363163,0.0676056338028169,0.030985915492957747,0.0676056338028169,0.17687074829931973,0.17687074829931973,0.8866213151927438
1,0.0,1.0,-1.0,0.8905299739357081,0.9131190269331017,0.6185925282363163,0.7810599478714162,0.8262380538662033,0.2371850564726325,0.0676056338028169,0.030985915492957747,0.0676056338028169,0.17687074829931973,0.17687074829931973,0.8866213151927438
2,0.0,1.0,-5.0,0.8879235447437012,0.9052997393570807,0.6211989574283232,0.6542137271937446,0.7480451781059948,0.12076455256298871,0.04929577464788732,0.02535211267605634,0.04929577464788732,0.21315192743764172,0.20634920634920634,0.909297052154195
3,0.0,1.0,-10.0,0.8861859252823632,0.9061685490877498,0.6185925282363163,0.5143353605560382,0.7106863596872285,-0.020851433536055605,0.04647887323943662,0.018309859154929577,0.04647887323943662,0.2222222222222222,0.21541950113378686,0.9206349206349206
4,0.0,10.0,0.0,0.8905299739357081,0.9113814074717637,0.6185925282363163,0.8905299739357081,0.9113814074717637,0.6185925282363163,0.0676056338028169,0.03380281690140845,0.0676056338028169,0.17687074829931973,0.17687074829931973,0.8866213151927438
5,0.0,10.0,-1.0,0.8905299739357081,0.9113814074717637,0.6185925282363163,0.7810599478714162,0.8227628149435273,0.2371850564726325,0.0676056338028169,0.03380281690140845,0.0676056338028169,0.17687074829931973,0.17687074829931973,0.8866213151927438
6,0.0,10.0,-5.0,0.8879235447437012,0.9035621198957429,0.6211989574283232,0.6542137271937446,0.741094700260643,0.12076455256298871,0.04929577464788732,0.02676056338028169,0.04929577464788732,0.21315192743764172,0.20861678004535147,0.909297052154195
7,0.0,10.0,-10.0,0.8861859252823632,0.9035621198957429,0.6185925282363163,0.5143353605560382,0.6898349261511729,-0.020851433536055605,0.04647887323943662,0.02112676056338028,0.04647887323943662,0.2222222222222222,0.21768707482993196,0.9206349206349206
8,0.0,20.0,0.0,0.8905299739357081,0.9122502172024327,0.6185925282363163,0.8905299739357081,0.9122502172024327,0.6185925282363163,0.0676056338028169,0.03380281690140845,0.0676056338028169,0.17687074829931973,0.1746031746031746,0.8866213151927438
9,0.0,20.0,-1.0,0.8905299739357081,0.9122502172024327,0.6185925282363163,0.7810599478714162,0.8245004344048653,0.2371850564726325,0.0676056338028169,0.03380281690140845,0.0676056338028169,0.17687074829931973,0.1746031746031746,0.8866213151927438
10,0.0,20.0,-5.0,0.8879235447437012,0.9052997393570807,0.6211989574283232,0.6542137271937446,0.7480451781059948,0.12076455256298871,0.04929577464788732,0.02535211267605634,0.04929577464788732,0.21315192743764172,0.20634920634920634,0.909297052154195
11,0.0,20.0,-10.0,0.8861859252823632,0.9052997393570807,0.6185925282363163,0.5143353605560382,0.7011294526498697,-0.020851433536055605,0.04647887323943662,0.01971830985915493,0.04647887323943662,0.2222222222222222,0.21541950113378686,0.9206349206349206
12,0.0,30.0,0.0,0.8905299739357081,0.9122502172024327,0.6185925282363163,0.8905299739357081,0.9122502172024327,0.6185925282363163,0.0676056338028169,0.03380281690140845,0.0676056338028169,0.17687074829931973,0.1746031746031746,0.8866213151927438
13,0.0,30.0,-1.0,0.8905299739357081,0.9122502172024327,0.6185925282363163,0.7810599478714162,0.8245004344048653,0.2371850564726325,0.0676056338028169,0.03380281690140845,0.0676056338028169,0.17687074829931973,0.1746031746031746,0.8866213151927438
14,0.0,30.0,-5.0,0.8879235447437012,0.9035621198957429,0.6211989574283232,0.6542137271937446,0.741094700260643,0.12076455256298871,0.04929577464788732,0.02676056338028169,0.04929577464788732,0.21315192743764172,0.20861678004535147,0.909297052154195
15,0.0,30.0,-10.0,0.8861859252823632,0.9052997393570807,0.6185925282363163,0.5143353605560382,0.7011294526498697,-0.020851433536055605,0.04647887323943662,0.01971830985915493,0.04647887323943662,0.2222222222222222,0.21541950113378686,0.9206349206349206
16,0.0,40.0,0.0,0.8905299739357081,0.9122502172024327,0.6185925282363163,0.8905299739357081,0.9122502172024327,0.6185925282363163,0.0676056338028169,0.0323943661971831,0.0676056338028169,0.17687074829931973,0.17687074829931973,0.8866213151927438
17,0.0,40.0,-1.0,0.8905299739357081,0.9122502172024327,0.6185925282363163,0.7810599478714162,0.8245004344048653,0.2371850564726325,0.0676056338028169,0.0323943661971831,0.0676056338028169,0.17687074829931973,0.17687074829931973,0.8866213151927438
18,0.0,40.0,-5.0,0.8879235447437012,0.9052997393570807,0.6211989574283232,0.6542137271937446,0.7480451781059948,0.12076455256298871,0.04929577464788732,0.02535211267605634,0.04929577464788732,0.21315192743764172,0.20634920634920634,0.909297052154195
19,0.0,40.0,-10.0,0.8861859252823632,0.9044309296264118,0.6185925282363163,0.5143353605560382,0.6993918331885317,-0.020851433536055605,0.04647887323943662,0.01971830985915493,0.04647887323943662,0.2222222222222222,0.21768707482993196,0.9206349206349206
20,0.0,50.0,0.0,0.8905299739357081,0.9105125977410947,0.6185925282363163,0.8905299739357081,0.9105125977410947,0.6185925282363163,0.0676056338028169,0.036619718309859155,0.0676056338028169,0.17687074829931973,0.1746031746031746,0.8866213151927438
21,0.0,50.0,-1.0,0.8905299739357081,0.9105125977410947,0.6185925282363163,0.7810599478714162,0.8210251954821894,0.2371850564726325,0.0676056338028169,0.036619718309859155,0.0676056338028169,0.17687074829931973,0.1746031746031746,0.8866213151927438
22,0.0,50.0,-5.0,0.8879235447437012,0.9026933101650738,0.6211989574283232,0.6542137271937446,0.735881841876629,0.12076455256298871,0.04929577464788732,0.028169014084507043,0.04929577464788732,0.21315192743764172,0.20861678004535147,0.909297052154195
23,0.0,50.0,-10.0,0.8861859252823632,0.9044309296264118,0.6185925282363163,0.5143353605560382,0.6915725456125109,-0.020851433536055605,0.04647887323943662,0.02112676056338028,0.04647887323943662,0.2222222222222222,0.21541950113378686,0.9206349206349206
24,0.0,60.0,0.0,0.8905299739357081,0.9105125977410947,0.6185925282363163,0.8905299739357081,0.9105125977410947,0.6185925282363163,0.0676056338028169,0.035211267605633804,0.0676056338028169,0.17687074829931973,0.17687074829931973,0.8866213151927438
25,0.0,60.0,-1.0,0.8905299739357081,0.9105125977410947,0.6185925282363163,0.7810599478714162,0.8210251954821894,0.2371850564726325,0.0676056338028169,0.035211267605633804,0.0676056338028169,0.17687074829931973,0.17687074829931973,0.8866213151927438
26,0.0,60.0,-5.0,0.8879235447437012,0.9035621198957429,0.6211989574283232,0.6542137271937446,0.741094700260643,0.12076455256298871,0.04929577464788732,0.02676056338028169,0.04929577464788732,0.21315192743764172,0.20861678004535147,0.909297052154195
27,0.0,60.0,-10.0,0.8861859252823632,0.9044309296264118,0.6185925282363163,0.5143353605560382,0.6915725456125109,-0.020851433536055605,0.04647887323943662,0.02112676056338028,0.04647887323943662,0.2222222222222222,0.21541950113378686,0.9206349206349206
28,0.0,70.0,0.0,0.8905299739357081,0.9087749782797567,0.6185925282363163,0.8905299739357081,0.9087749782797567,0.6185925282363163,0.0676056338028169,0.038028169014084505,0.0676056338028169,0.17687074829931973,0.17687074829931973,0.8866213151927438
29,0.0,70.0,-1.0,0.8905299739357081,0.9087749782797567,0.6185925282363163,0.7810599478714162,0.8175499565595135,0.2371850564726325,0.0676056338028169,0.038028169014084505,0.0676056338028169,0.17687074829931973,0.17687074829931973,0.8866213151927438
30,0.0,70.0,-5.0,0.8879235447437012,0.9035621198957429,0.6211989574283232,0.6542137271937446,0.741094700260643,0.12076455256298871,0.04929577464788732,0.02676056338028169,0.04929577464788732,0.21315192743764172,0.20861678004535147,0.909297052154195
31,0.0,70.0,-10.0,0.8861859252823632,0.9044309296264118,0.6185925282363163,0.5143353605560382,0.6915725456125109,-0.020851433536055605,0.04647887323943662,0.02112676056338028,0.04647887323943662,0.2222222222222222,0.21541950113378686,0.9206349206349206
32,0.0,80.0,0.0,0.8905299739357081,0.9087749782797567,0.6185925282363163,0.8905299739357081,0.9087749782797567,0.6185925282363163,0.0676056338028169,0.038028169014084505,0.0676056338028169,0.17687074829931973,0.17687074829931973,0.8866213151927438
33,0.0,80.0,-1.0,0.8905299739357081,0.9087749782797567,0.6185925282363163,0.7810599478714162,0.8175499565595135,0.2371850564726325,0.0676056338028169,0.038028169014084505,0.0676056338028169,0.17687074829931973,0.17687074829931973,0.8866213151927438
34,0.0,80.0,-5.0,0.8879235447437012,0.9026933101650738,0.6211989574283232,0.6542137271937446,0.735881841876629,0.12076455256298871,0.04929577464788732,0.028169014084507043,0.04929577464788732,0.21315192743764172,0.20861678004535147,0.909297052154195
35,0.0,80.0,-10.0,0.8861859252823632,0.9035621198957429,0.6185925282363163,0.5143353605560382,0.682015638575152,-0.020851433536055605,0.04647887323943662,0.022535211267605635,0.04647887323943662,0.2222222222222222,0.21541950113378686,0.9206349206349206
36,0.0,90.0,0.0,0.8905299739357081,0.9096437880104257,0.6185925282363163,0.8905299739357081,0.9096437880104257,0.6185925282363163,0.0676056338028169,0.036619718309859155,0.0676056338028169,0.17687074829931973,0.17687074829931973,0.8866213151927438
37,0.0,90.0,-1.0,0.8905299739357081,0.9096437880104257,0.6185925282363163,0.7810599478714162,0.8192875760208514,0.2371850564726325,0.0676056338028169,0.036619718309859155,0.0676056338028169,0.17687074829931973,0.17687074829931973,0.8866213151927438
38,0.0,90.0,-5.0,0.8879235447437012,0.9026933101650738,0.6211989574283232,0.6542137271937446,0.735881841876629,0.12076455256298871,0.04929577464788732,0.028169014084507043,0.04929577464788732,0.21315192743764172,0.20861678004535147,0.909297052154195
39,0.0,90.0,-10.0,0.8861859252823632,0.9044309296264118,0.6185925282363163,0.5143353605560382,0.6915725456125109,-0.020851433536055605,0.04647887323943662,0.02112676056338028,0.04647887323943662,0.2222222222222222,0.21541950113378686,0.9206349206349206
40,1.0,1.0,0.0,0.8835794960903562,0.8818418766290183,0.8314509122502172,0.8835794960903562,0.8818418766290183,0.8314509122502172,0.055312954876273655,0.03784570596797671,0.055312954876273655,0.20689655172413793,0.23706896551724138,0.33620689655172414
41,1.0,1.0,-1.0,0.8835794960903562,0.8818418766290183,0.8314509122502172,0.7671589921807124,0.7636837532580365,0.6629018245004344,0.055312954876273655,0.03784570596797671,0.055312954876273655,0.20689655172413793,0.23706896551724138,0.33620689655172414
42,1.0,1.0,-5.0,0.8861859252823632,0.8757602085143353,0.8297132927888793,0.6785403996524761,0.6889661164205039,0.5655951346655083,0.039301310043668124,0.026200873362445413,0.039301310043668124,0.22413793103448276,0.26939655172413796,0.3642241379310345
43,1.0,1.0,-10.0,0.8740225890529973,0.8696785403996524,0.8218940052128584,0.5369244135534318,0.6220677671589921,0.4326672458731538,0.039301310043668124,0.021834061135371178,0.039301310043668124,0.2543103448275862,0.29094827586206895,0.38362068965517243
44,1.0,10.0,0.0,0.8835794960903562,0.8801042571676803,0.8314509122502172,0.8835794960903562,0.8801042571676803,0.8314509122502172,0.055312954876273655,0.03784570596797671,0.055312954876273655,0.20689655172413793,0.2413793103448276,0.33620689655172414
45,1.0,10.0,-1.0,0.8835794960903562,0.8801042571676803,0.8314509122502172,0.7671589921807124,0.7602085143353605,0.6629018245004344,0.055312954876273655,0.03784570596797671,0.055312954876273655,0.20689655172413793,0.2413793103448276,0.33620689655172414
46,1.0,10.0,-5.0,0.8861859252823632,0.8748913987836664,0.8297132927888793,0.6785403996524761,0.687228496959166,0.5655951346655083,0.039301310043668124,0.026200873362445413,0.039301310043668124,0.22413793103448276,0.27155172413793105,0.3642241379310345
47,1.0,10.0,-10.0,0.8740225890529973,0.8722849695916595,0.8218940052128584,0.5369244135534318,0.6429192006950478,0.4326672458731538,0.039301310043668124,0.018922852983988356,0.039301310043668124,0.2543103448275862,0.28879310344827586,0.38362068965517243
48,1.0,20.0,0.0,0.8835794960903562,0.8809730668983493,0.8314509122502172,0.8835794960903562,0.8809730668983493,0.8314509122502172,0.055312954876273655,0.036390101892285295,0.055312954876273655,0.20689655172413793,0.2413793103448276,0.33620689655172414
49,1.0,20.0,-1.0,0.8835794960903562,0.8809730668983493,0.8314509122502172,0.7671589921807124,0.7619461337966985,0.6629018245004344,0.055312954876273655,0.036390101892285295,0.055312954876273655,0.20689655172413793,0.2413793103448276,0.33620689655172414
50,1.0,20.0,-5.0,0.8861859252823632,0.8740225890529973,0.8297132927888793,0.6785403996524761,0.685490877497828,0.5655951346655083,0.039301310043668124,0.026200873362445413,0.039301310043668124,0.22413793103448276,0.27370689655172414,0.3642241379310345
51,1.0,20.0,-10.0,0.8740225890529973,0.8696785403996524,0.8218940052128584,0.5369244135534318,0.6220677671589921,0.4326672458731538,0.039301310043668124,0.021834061135371178,0.039301310043668124,0.2543103448275862,0.29094827586206895,0.38362068965517243
52,1.0,30.0,0.0,0.8835794960903562,0.8801042571676803,0.8314509122502172,0.8835794960903562,0.8801042571676803,0.8314509122502172,0.055312954876273655,0.039301310043668124,0.055312954876273655,0.20689655172413793,0.23922413793103448,0.33620689655172414
53,1.0,30.0,-1.0,0.8835794960903562,0.8801042571676803,0.8314509122502172,0.7671589921807124,0.7602085143353605,0.6629018245004344,0.055312954876273655,0.039301310043668124,0.055312954876273655,0.20689655172413793,0.23922413793103448,0.33620689655172414
54,1.0,30.0,-5.0,0.8861859252823632,0.8740225890529973,0.8297132927888793,0.6785403996524761,0.682015638575152,0.5655951346655083,0.039301310043668124,0.027656477438136828,0.039301310043668124,0.22413793103448276,0.27155172413793105,0.3642241379310345
55,1.0,30.0,-10.0,0.8740225890529973,0.8696785403996524,0.8218940052128584,0.5369244135534318,0.629887054735013,0.4326672458731538,0.039301310043668124,0.020378457059679767,0.039301310043668124,0.2543103448275862,0.29310344827586204,0.38362068965517243
56,1.0,40.0,0.0,0.8835794960903562,0.8792354474370113,0.8314509122502172,0.8835794960903562,0.8792354474370113,0.8314509122502172,0.055312954876273655,0.040756914119359534,0.055312954876273655,0.20689655172413793,0.23922413793103448,0.33620689655172414
57,1.0,40.0,-1.0,0.8835794960903562,0.8792354474370113,0.8314509122502172,0.7671589921807124,0.7584708948740226,0.6629018245004344,0.055312954876273655,0.040756914119359534,0.055312954876273655,0.20689655172413793,0.23922413793103448,0.33620689655172414
58,1.0,40.0,-5.0,0.8861859252823632,0.8731537793223284,0.8297132927888793,0.6785403996524761,0.680278019113814,0.5655951346655083,0.039301310043668124,0.027656477438136828,0.039301310043668124,0.22413793103448276,0.27370689655172414,0.3642241379310345
59,1.0,40.0,-10.0,0.8740225890529973,0.8688097306689835,0.8218940052128584,0.5369244135534318,0.6203301476976543,0.4326672458731538,0.039301310043668124,0.021834061135371178,0.039301310043668124,0.2543103448275862,0.29310344827586204,0.38362068965517243
60,1.0,50.0,0.0,0.8835794960903562,0.8792354474370113,0.8314509122502172,0.8835794960903562,0.8792354474370113,0.8314509122502172,0.055312954876273655,0.040756914119359534,0.055312954876273655,0.20689655172413793,0.23922413793103448,0.33620689655172414
61,1.0,50.0,-1.0,0.8835794960903562,0.8792354474370113,0.8314509122502172,0.7671589921807124,0.7584708948740226,0.6629018245004344,0.055312954876273655,0.040756914119359534,0.055312954876273655,0.20689655172413793,0.23922413793103448,0.33620689655172414
62,1.0,50.0,-5.0,0.8861859252823632,0.8714161598609904,0.8297132927888793,0.6785403996524761,0.6698523023457863,0.5655951346655083,0.039301310043668124,0.03056768558951965,0.039301310043668124,0.22413793103448276,0.27370689655172414,0.3642241379310345
63,1.0,50.0,-10.0,0.8740225890529973,0.8696785403996524,0.8218940052128584,0.5369244135534318,0.629887054735013,0.4326672458731538,0.039301310043668124,0.020378457059679767,0.039301310043668124,0.2543103448275862,0.29310344827586204,0.38362068965517243
64,1.0,60.0,0.0,0.8835794960903562,0.8783666377063423,0.8314509122502172,0.8835794960903562,0.8783666377063423,0.8314509122502172,0.055312954876273655,0.040756914119359534,0.055312954876273655,0.20689655172413793,0.2413793103448276,0.33620689655172414
65,1.0,60.0,-1.0,0.8835794960903562,0.8783666377063423,0.8314509122502172,0.7671589921807124,0.7567332754126846,0.6629018245004344,0.055312954876273655,0.040756914119359534,0.055312954876273655,0.20689655172413793,0.2413793103448276,0.33620689655172414
66,1.0,60.0,-5.0,0.8861859252823632,0.8722849695916595,0.8297132927888793,0.6785403996524761,0.682015638575152,0.5655951346655083,0.039301310043668124,0.026200873362445413,0.039301310043668124,0.22413793103448276,0.27801724137931033,0.3642241379310345
67,1.0,60.0,-10.0,0.8740225890529973,0.8696785403996524,0.8218940052128584,0.5369244135534318,0.629887054735013,0.4326672458731538,0.039301310043668124,0.020378457059679767,0.039301310043668124,0.2543103448275862,0.29310344827586204,0.38362068965517243
68,1.0,70.0,0.0,0.8835794960903562,0.8792354474370113,0.8314509122502172,0.8835794960903562,0.8792354474370113,0.8314509122502172,0.055312954876273655,0.039301310043668124,0.055312954876273655,0.20689655172413793,0.2413793103448276,0.33620689655172414
69,1.0,70.0,-1.0,0.8835794960903562,0.8792354474370113,0.8314509122502172,0.7671589921807124,0.7584708948740226,0.6629018245004344,0.055312954876273655,0.039301310043668124,0.055312954876273655,0.20689655172413793,0.2413793103448276,0.33620689655172414
70,1.0,70.0,-5.0,0.8861859252823632,0.8705473501303215,0.8297132927888793,0.6785403996524761,0.6715899218071243,0.5655951346655083,0.039301310043668124,0.02911208151382824,0.039301310043668124,0.22413793103448276,0.27801724137931033,0.3642241379310345
71,1.0,70.0,-10.0,0.8740225890529973,0.8688097306689835,0.8218940052128584,0.5369244135534318,0.6203301476976543,0.4326672458731538,0.039301310043668124,0.021834061135371178,0.039301310043668124,0.2543103448275862,0.29310344827586204,0.38362068965517243
72,1.0,80.0,0.0,0.8835794960903562,0.8783666377063423,0.8314509122502172,0.8835794960903562,0.8783666377063423,0.8314509122502172,0.055312954876273655,0.040756914119359534,0.055312954876273655,0.20689655172413793,0.2413793103448276,0.33620689655172414
73,1.0,80.0,-1.0,0.8835794960903562,0.8783666377063423,0.8314509122502172,0.7671589921807124,0.7567332754126846,0.6629018245004344,0.055312954876273655,0.040756914119359534,0.055312954876273655,0.20689655172413793,0.2413793103448276,0.33620689655172414
74,1.0,80.0,-5.0,0.8861859252823632,0.8705473501303215,0.8297132927888793,0.6785403996524761,0.6681146828844483,0.5655951346655083,0.039301310043668124,0.03056768558951965,0.039301310043668124,0.22413793103448276,0.27586206896551724,0.3642241379310345
75,1.0,80.0,-10.0,0.8740225890529973,0.8688097306689835,0.8218940052128584,0.5369244135534318,0.6203301476976543,0.4326672458731538,0.039301310043668124,0.021834061135371178,0.039301310043668124,0.2543103448275862,0.29310344827586204,0.38362068965517243
76,1.0,90.0,0.0,0.8835794960903562,0.8774978279756733,0.8314509122502172,0.8835794960903562,0.8774978279756733,0.8314509122502172,0.055312954876273655,0.039301310043668124,0.055312954876273655,0.20689655172413793,0.24568965517241378,0.33620689655172414
77,1.0,90.0,-1.0,0.8835794960903562,0.8774978279756733,0.8314509122502172,0.7671589921807124,0.7549956559513467,0.6629018245004344,0.055312954876273655,0.039301310043668124,0.055312954876273655,0.20689655172413793,0.24568965517241378,0.33620689655172414
78,1.0,90.0,-5.0,0.8861859252823632,0.8696785403996524,0.8297132927888793,0.6785403996524761,0.6629018245004344,0.5655951346655083,0.039301310043668124,0.03202328966521106,0.039301310043668124,0.22413793103448276,0.27586206896551724,0.3642241379310345
79,1.0,90.0,-10.0,0.8740225890529973,0.8688097306689835,0.8218940052128584,0.5369244135534318,0.6203301476976543,0.4326672458731538,0.039301310043668124,0.021834061135371178,0.039301310043668124,0.2543103448275862,0.29310344827586204,0.38362068965517243
80,2.0,1.0,0.0,0.889661164205039,0.894874022589053,0.8314509122502172,0.889661164205039,0.894874022589053,0.8314509122502172,0.07020057306590258,0.05730659025787966,0.07020057306590258,0.17218543046357615,0.17880794701986755,0.3200883002207506
81,2.0,1.0,-1.0,0.889661164205039,0.894874022589053,0.8314509122502172,0.7793223284100782,0.789748045178106,0.6629018245004344,0.07020057306590258,0.05730659025787966,0.07020057306590258,0.17218543046357615,0.17880794701986755,0.3200883002207506
82,2.0,1.0,-5.0,0.8870547350130321,0.894005212858384,0.8271068635968722,0.6281494352736751,0.6698523023457863,0.5082536924413553,0.06017191977077364,0.04871060171919771,0.06017191977077364,0.19426048565121412,0.19426048565121412,0.3465783664459161
83,2.0,1.0,-10.0,0.8835794960903562,0.8922675933970461,0.8201563857515204,0.48566463944396177,0.5343179843614249,0.35881841876629017,0.05157593123209169,0.045845272206303724,0.05157593123209169,0.2163355408388521,0.20309050772626933,0.37748344370860926
84,2.0,10.0,0.0,0.889661164205039,0.8983492615117289,0.8314509122502172,0.889661164205039,0.8983492615117289,0.8314509122502172,0.07020057306590258,0.054441260744985676,0.07020057306590258,0.17218543046357615,0.17439293598233996,0.3200883002207506
85,2.0,10.0,-1.0,0.889661164205039,0.8983492615117289,0.8314509122502172,0.7793223284100782,0.7966985230234579,0.6629018245004344,0.07020057306590258,0.054441260744985676,0.07020057306590258,0.17218543046357615,0.17439293598233996,0.3200883002207506
86,2.0,10.0,-5.0,0.8870547350130321,0.895742832319722,0.8271068635968722,0.6281494352736751,0.6733275412684622,0.5082536924413553,0.06017191977077364,0.04871060171919771,0.06017191977077364,0.19426048565121412,0.18984547461368653,0.3465783664459161
87,2.0,10.0,-10.0,0.8835794960903562,0.8922675933970461,0.8201563857515204,0.48566463944396177,0.5421372719374457,0.35881841876629017,0.05157593123209169,0.044412607449856735,0.05157593123209169,0.2163355408388521,0.2052980132450331,0.37748344370860926
88,2.0,20.0,0.0,0.889661164205039,0.895742832319722,0.8314509122502172,0.889661164205039,0.895742832319722,0.8314509122502172,0.07020057306590258,0.05730659025787966,0.07020057306590258,0.17218543046357615,0.17660044150110377,0.3200883002207506
89,2.0,20.0,-1.0,0.889661164205039,0.895742832319722,0.8314509122502172,0.7793223284100782,0.7914856646394439,0.6629018245004344,0.07020057306590258,0.05730659025787966,0.07020057306590258,0.17218543046357615,0.17660044150110377,0.3200883002207506
90,2.0,20.0,-5.0,0.8870547350130321,0.894005212858384,0.8271068635968722,0.6281494352736751,0.6698523023457863,0.5082536924413553,0.06017191977077364,0.04871060171919771,0.06017191977077364,0.19426048565121412,0.19426048565121412,0.3465783664459161
91,2.0,20.0,-10.0,0.8835794960903562,0.893136403127715,0.8201563857515204,0.48566463944396177,0.5438748913987836,0.35881841876629017,0.05157593123209169,0.044412607449856735,0.05157593123209169,0.2163355408388521,0.20309050772626933,0.37748344370860926
92,2.0,30.0,0.0,0.889661164205039,0.894874022589053,0.8314509122502172,0.889661164205039,0.894874022589053,0.8314509122502172,0.07020057306590258,0.05730659025787966,0.07020057306590258,0.17218543046357615,0.17880794701986755,0.3200883002207506
93,2.0,30.0,-1.0,0.889661164205039,0.894874022589053,0.8314509122502172,0.7793223284100782,0.789748045178106,0.6629018245004344,0.07020057306590258,0.05730659025787966,0.07020057306590258,0.17218543046357615,0.17880794701986755,0.3200883002207506
94,2.0,30.0,-5.0,0.8870547350130321,0.895742832319722,0.8271068635968722,0.6281494352736751,0.6768027801911382,0.5082536924413553,0.06017191977077364,0.04727793696275072,0.06017191977077364,0.19426048565121412,0.19205298013245034,0.3465783664459161
95,2.0,30.0,-10.0,0.8835794960903562,0.8905299739357081,0.8201563857515204,0.48566463944396177,0.5308427454387489,0.35881841876629017,0.05157593123209169,0.045845272206303724,0.05157593123209169,0.2163355408388521,0.20750551876379691,0.37748344370860926
96,2.0,40.0,0.0,0.889661164205039,0.896611642050391,0.8314509122502172,0.889661164205039,0.896611642050391,0.8314509122502172,0.07020057306590258,0.05730659025787966,0.07020057306590258,0.17218543046357615,0.17439293598233996,0.3200883002207506
97,2.0,40.0,-1.0,0.889661164205039,0.896611642050391,0.8314509122502172,0.7793223284100782,0.7932232841007819,0.6629018245004344,0.07020057306590258,0.05730659025787966,0.07020057306590258,0.17218543046357615,0.17439293598233996,0.3200883002207506
98,2.0,40.0,-5.0,0.8870547350130321,0.896611642050391,0.8271068635968722,0.6281494352736751,0.682015638575152,0.5082536924413553,0.06017191977077364,0.045845272206303724,0.06017191977077364,0.19426048565121412,0.19205298013245034,0.3465783664459161
99,2.0,40.0,-10.0,0.8835794960903562,0.8922675933970461,0.8201563857515204,0.48566463944396177,0.5421372719374457,0.35881841876629017,0.05157593123209169,0.044412607449856735,0.05157593123209169,0.2163355408388521,0.2052980132450331,0.37748344370860926
100,2.0,50.0,0.0,0.889661164205039,0.89748045178106,0.8314509122502172,0.889661164205039,0.89748045178106,0.8314509122502172,0.07020057306590258,0.054441260744985676,0.07020057306590258,0.17218543046357615,0.17660044150110377,0.3200883002207506
101,2.0,50.0,-1.0,0.889661164205039,0.89748045178106,0.8314509122502172,0.7793223284100782,0.7949609035621199,0.6629018245004344,0.07020057306590258,0.054441260744985676,0.07020057306590258,0.17218543046357615,0.17660044150110377,0.3200883002207506
102,2.0,50.0,-5.0,0.8870547350130321,0.89748045178106,0.8271068635968722,0.6281494352736751,0.68375325803649,0.5082536924413553,0.06017191977077364,0.045845272206303724,0.06017191977077364,0.19426048565121412,0.18984547461368653,0.3465783664459161
103,2.0,50.0,-10.0,0.8835794960903562,0.891398783666377,0.8201563857515204,0.48566463944396177,0.5482189400521286,0.35881841876629017,0.05157593123209169,0.04297994269340974,0.05157593123209169,0.2163355408388521,0.2097130242825607,0.37748344370860926
104,2.0,60.0,0.0,0.889661164205039,0.894005212858384,0.8314509122502172,0.889661164205039,0.894005212858384,0.8314509122502172,0.07020057306590258,0.05873925501432665,0.07020057306590258,0.17218543046357615,0.17880794701986755,0.3200883002207506
105,2.0,60.0,-1.0,0.889661164205039,0.894005212858384,0.8314509122502172,0.7793223284100782,0.788010425716768,0.6629018245004344,0.07020057306590258,0.05873925501432665,0.07020057306590258,0.17218543046357615,0.17880794701986755,0.3200883002207506
106,2.0,60.0,-5.0,0.8870547350130321,0.894005212858384,0.8271068635968722,0.6281494352736751,0.6663770634231103,0.5082536924413553,0.06017191977077364,0.050143266475644696,0.06017191977077364,0.19426048565121412,0.19205298013245034,0.3465783664459161
107,2.0,60.0,-10.0,0.8835794960903562,0.889661164205039,0.8201563857515204,0.48566463944396177,0.529105125977411,0.35881841876629017,0.05157593123209169,0.045845272206303724,0.05157593123209169,0.2163355408388521,0.2097130242825607,0.37748344370860926
108,2.0,70.0,0.0,0.889661164205039,0.894005212858384,0.8314509122502172,0.889661164205039,0.894005212858384,0.8314509122502172,0.07020057306590258,0.06017191977077364,0.07020057306590258,0.17218543046357615,0.17660044150110377,0.3200883002207506
109,2.0,70.0,-1.0,0.889661164205039,0.894005212858384,0.8314509122502172,0.7793223284100782,0.788010425716768,0.6629018245004344,0.07020057306590258,0.06017191977077364,0.07020057306590258,0.17218543046357615,0.17660044150110377,0.3200883002207506
110,2.0,70.0,-5.0,0.8870547350130321,0.894874022589053,0.8271068635968722,0.6281494352736751,0.6715899218071243,0.5082536924413553,0.06017191977077364,0.04871060171919771,0.06017191977077364,0.19426048565121412,0.19205298013245034,0.3465783664459161
111,2.0,70.0,-10.0,0.8835794960903562,0.8905299739357081,0.8201563857515204,0.48566463944396177,0.5308427454387489,0.35881841876629017,0.05157593123209169,0.045845272206303724,0.05157593123209169,0.2163355408388521,0.20750551876379691,0.37748344370860926
112,2.0,80.0,0.0,0.889661164205039,0.894005212858384,0.8314509122502172,0.889661164205039,0.894005212858384,0.8314509122502172,0.07020057306590258,0.06160458452722063,0.07020057306590258,0.17218543046357615,0.17439293598233996,0.3200883002207506
113,2.0,80.0,-1.0,0.889661164205039,0.894005212858384,0.8314509122502172,0.7793223284100782,0.788010425716768,0.6629018245004344,0.07020057306590258,0.06160458452722063,0.07020057306590258,0.17218543046357615,0.17439293598233996,0.3200883002207506
114,2.0,80.0,-5.0,0.8870547350130321,0.894005212858384,0.8271068635968722,0.6281494352736751,0.6698523023457863,0.5082536924413553,0.06017191977077364,0.04871060171919771,0.06017191977077364,0.19426048565121412,0.19426048565121412,0.3465783664459161
115,2.0,80.0,-10.0,0.8835794960903562,0.8922675933970461,0.8201563857515204,0.48566463944396177,0.5421372719374457,0.35881841876629017,0.05157593123209169,0.044412607449856735,0.05157593123209169,0.2163355408388521,0.2052980132450331,0.37748344370860926
116,2.0,90.0,0.0,0.889661164205039,0.894874022589053,0.8314509122502172,0.889661164205039,0.894874022589053,0.8314509122502172,0.07020057306590258,0.06017191977077364,0.07020057306590258,0.17218543046357615,0.17439293598233996,0.3200883002207506
117,2.0,90.0,-1.0,0.889661164205039,0.894874022589053,0.8314509122502172,0.7793223284100782,0.789748045178106,0.6629018245004344,0.07020057306590258,0.06017191977077364,0.07020057306590258,0.17218543046357615,0.17439293598233996,0.3200883002207506
118,2.0,90.0,-5.0,0.8870547350130321,0.894874022589053,0.8271068635968722,0.6281494352736751,0.6715899218071243,0.5082536924413553,0.06017191977077364,0.04871060171919771,0.06017191977077364,0.19426048565121412,0.19205298013245034,0.3465783664459161
119,2.0,90.0,-10.0,0.8835794960903562,0.8905299739357081,0.8201563857515204,0.48566463944396177,0.5308427454387489,0.35881841876629017,0.05157593123209169,0.045845272206303724,0.05157593123209169,0.2163355408388521,0.20750551876379691,0.37748344370860926
120,3.0,1.0,0.0,0.8827106863596872,0.891398783666377,0.8218940052128584,0.8827106863596872,0.891398783666377,0.8218940052128584,0.08108108108108109,0.06543385490753911,0.08108108108108109,0.17410714285714285,0.17633928571428573,0.33035714285714285
121,3.0,1.0,-1.0,0.8827106863596872,0.891398783666377,0.8218940052128584,0.7654213727193745,0.7827975673327541,0.6437880104257168,0.08108108108108109,0.06543385490753911,0.08108108108108109,0.17410714285714285,0.17633928571428573,0.33035714285714285
122,3.0,1.0,-5.0,0.8827106863596872,0.8922675933970461,0.8210251954821894,0.6090356211989574,0.6663770634231103,0.48566463944396177,0.06401137980085349,0.04836415362731152,0.06401137980085349,0.20089285714285715,0.20089285714285715,0.359375
123,3.0,1.0,-10.0,0.8801042571676803,0.895742832319722,0.8123370981754996,0.4474370112945265,0.5881841876629018,0.31190269331016507,0.05689900426742532,0.03698435277382646,0.05689900426742532,0.21875,0.20982142857142858,0.39285714285714285
124,3.0,10.0,0.0,0.8827106863596872,0.8905299739357081,0.8218940052128584,0.8827106863596872,0.8905299739357081,0.8218940052128584,0.08108108108108109,0.06543385490753911,0.08108108108108109,0.17410714285714285,0.17857142857142858,0.33035714285714285
125,3.0,10.0,-1.0,0.8827106863596872,0.8905299739357081,0.8218940052128584,0.7654213727193745,0.7810599478714162,0.6437880104257168,0.08108108108108109,0.06543385490753911,0.08108108108108109,0.17410714285714285,0.17857142857142858,0.33035714285714285
126,3.0,10.0,-5.0,0.8827106863596872,0.896611642050391,0.8210251954821894,0.6090356211989574,0.6924413553431799,0.48566463944396177,0.06401137980085349,0.041251778093883355,0.06401137980085349,0.20089285714285715,0.20089285714285715,0.359375
127,3.0,10.0,-10.0,0.8801042571676803,0.894874022589053,0.8123370981754996,0.4474370112945265,0.5864465682015638,0.31190269331016507,0.05689900426742532,0.03698435277382646,0.05689900426742532,0.21875,0.21205357142857142,0.39285714285714285
128,3.0,20.0,0.0,0.8827106863596872,0.889661164205039,0.8218940052128584,0.8827106863596872,0.889661164205039,0.8218940052128584,0.08108108108108109,0.06685633001422475,0.08108108108108109,0.17410714285714285,0.17857142857142858,0.33035714285714285
129,3.0,20.0,-1.0,0.8827106863596872,0.889661164205039,0.8218940052128584,0.7654213727193745,0.7793223284100782,0.6437880104257168,0.08108108108108109,0.06685633001422475,0.08108108108108109,0.17410714285714285,0.17857142857142858,0.33035714285714285
130,3.0,20.0,-5.0,0.8827106863596872,0.894005212858384,0.8210251954821894,0.6090356211989574,0.6733275412684622,0.48566463944396177,0.06401137980085349,0.04694167852062589,0.06401137980085349,0.20089285714285715,0.19866071428571427,0.359375
131,3.0,20.0,-10.0,0.8801042571676803,0.8905299739357081,0.8123370981754996,0.4474370112945265,0.5464813205907906,0.31190269331016507,0.05689900426742532,0.04267425320056899,0.05689900426742532,0.21875,0.21428571428571427,0.39285714285714285
132,3.0,30.0,0.0,0.8827106863596872,0.8887923544743701,0.8218940052128584,0.8827106863596872,0.8887923544743701,0.8218940052128584,0.08108108108108109,0.06970128022759602,0.08108108108108109,0.17410714285714285,0.17633928571428573,0.33035714285714285
133,3.0,30.0,-1.0,0.8827106863596872,0.8887923544743701,0.8218940052128584,0.7654213727193745,0.7775847089487402,0.6437880104257168,0.08108108108108109,0.06970128022759602,0.08108108108108109,0.17410714285714285,0.17633928571428573,0.33035714285714285
134,3.0,30.0,-5.0,0.8827106863596872,0.893136403127715,0.8210251954821894,0.6090356211989574,0.6715899218071243,0.48566463944396177,0.06401137980085349,0.04694167852062589,0.06401137980085349,0.20089285714285715,0.20089285714285715,0.359375
135,3.0,30.0,-10.0,0.8801042571676803,0.891398783666377,0.8123370981754996,0.4474370112945265,0.5560382276281495,0.31190269331016507,0.05689900426742532,0.041251778093883355,0.05689900426742532,0.21875,0.21428571428571427,0.39285714285714285
136,3.0,40.0,0.0,0.8827106863596872,0.8887923544743701,0.8218940052128584,0.8827106863596872,0.8887923544743701,0.8218940052128584,0.08108108108108109,0.06970128022759602,0.08108108108108109,0.17410714285714285,0.17633928571428573,0.33035714285714285
137,3.0,40.0,-1.0,0.8827106863596872,0.8887923544743701,0.8218940052128584,0.7654213727193745,0.7775847089487402,0.6437880104257168,0.08108108108108109,0.06970128022759602,0.08108108108108109,0.17410714285714285,0.17633928571428573,0.33035714285714285
138,3.0,40.0,-5.0,0.8827106863596872,0.891398783666377,0.8210251954821894,0.6090356211989574,0.6646394439617723,0.48566463944396177,0.06401137980085349,0.04836415362731152,0.06401137980085349,0.20089285714285715,0.203125,0.359375
139,3.0,40.0,-10.0,0.8801042571676803,0.893136403127715,0.8123370981754996,0.4474370112945265,0.5595134665508253,0.31190269331016507,0.05689900426742532,0.041251778093883355,0.05689900426742532,0.21875,0.20982142857142858,0.39285714285714285
140,3.0,50.0,0.0,0.8827106863596872,0.8887923544743701,0.8218940052128584,0.8827106863596872,0.8887923544743701,0.8218940052128584,0.08108108108108109,0.06970128022759602,0.08108108108108109,0.17410714285714285,0.17633928571428573,0.33035714285714285
141,3.0,50.0,-1.0,0.8827106863596872,0.8887923544743701,0.8218940052128584,0.7654213727193745,0.7775847089487402,0.6437880104257168,0.08108108108108109,0.06970128022759602,0.08108108108108109,0.17410714285714285,0.17633928571428573,0.33035714285714285
142,3.0,50.0,-5.0,0.8827106863596872,0.8905299739357081,0.8210251954821894,0.6090356211989574,0.6594265855777585,0.48566463944396177,0.06401137980085349,0.049786628733997154,0.06401137980085349,0.20089285714285715,0.203125,0.359375
143,3.0,50.0,-10.0,0.8801042571676803,0.891398783666377,0.8123370981754996,0.4474370112945265,0.5482189400521286,0.31190269331016507,0.05689900426742532,0.04267425320056899,0.05689900426742532,0.21875,0.21205357142857142,0.39285714285714285
144,3.0,60.0,0.0,0.8827106863596872,0.889661164205039,0.8218940052128584,0.8827106863596872,0.889661164205039,0.8218940052128584,0.08108108108108109,0.06827880512091039,0.08108108108108109,0.17410714285714285,0.17633928571428573,0.33035714285714285
145,3.0,60.0,-1.0,0.8827106863596872,0.889661164205039,0.8218940052128584,0.7654213727193745,0.7793223284100782,0.6437880104257168,0.08108108108108109,0.06827880512091039,0.08108108108108109,0.17410714285714285,0.17633928571428573,0.33035714285714285
146,3.0,60.0,-5.0,0.8827106863596872,0.891398783666377,0.8210251954821894,0.6090356211989574,0.6646394439617723,0.48566463944396177,0.06401137980085349,0.04836415362731152,0.06401137980085349,0.20089285714285715,0.203125,0.359375
147,3.0,60.0,-10.0,0.8801042571676803,0.8922675933970461,0.8123370981754996,0.4474370112945265,0.5499565595134666,0.31190269331016507,0.05689900426742532,0.04267425320056899,0.05689900426742532,0.21875,0.20982142857142858,0.39285714285714285
148,3.0,70.0,0.0,0.8827106863596872,0.8870547350130321,0.8218940052128584,0.8827106863596872,0.8870547350130321,0.8218940052128584,0.08108108108108109,0.07112375533428165,0.08108108108108109,0.17410714285714285,0.17857142857142858,0.33035714285714285
149,3.0,70.0,-1.0,0.8827106863596872,0.8870547350130321,0.8218940052128584,0.7654213727193745,0.7741094700260643,0.6437880104257168,0.08108108108108109,0.07112375533428165,0.08108108108108109,0.17410714285714285,0.17857142857142858,0.33035714285714285
150,3.0,70.0,-5.0,0.8827106863596872,0.8922675933970461,0.8210251954821894,0.6090356211989574,0.6629018245004344,0.48566463944396177,0.06401137980085349,0.049786628733997154,0.06401137980085349,0.20089285714285715,0.19866071428571427,0.359375
151,3.0,70.0,-10.0,0.8801042571676803,0.891398783666377,0.8123370981754996,0.4474370112945265,0.5482189400521286,0.31190269331016507,0.05689900426742532,0.04267425320056899,0.05689900426742532,0.21875,0.21205357142857142,0.39285714285714285
152,3.0,80.0,0.0,0.8827106863596872,0.8861859252823632,0.8218940052128584,0.8827106863596872,0.8861859252823632,0.8218940052128584,0.08108108108108109,0.07396870554765292,0.08108108108108109,0.17410714285714285,0.17633928571428573,0.33035714285714285
153,3.0,80.0,-1.0,0.8827106863596872,0.8861859252823632,0.8218940052128584,0.7654213727193745,0.7723718505647263,0.6437880104257168,0.08108108108108109,0.07396870554765292,0.08108108108108109,0.17410714285714285,0.17633928571428573,0.33035714285714285
154,3.0,80.0,-5.0,0.8827106863596872,0.889661164205039,0.8210251954821894,0.6090356211989574,0.6507384882710686,0.48566463944396177,0.06401137980085349,0.05263157894736842,0.06401137980085349,0.20089285714285715,0.20089285714285715,0.359375
155,3.0,80.0,-10.0,0.8801042571676803,0.8922675933970461,0.8123370981754996,0.4474370112945265,0.5577758470894874,0.31190269331016507,0.05689900426742532,0.041251778093883355,0.05689900426742532,0.21875,0.21205357142857142,0.39285714285714285
156,3.0,90.0,0.0,0.8827106863596872,0.8861859252823632,0.8218940052128584,0.8827106863596872,0.8861859252823632,0.8218940052128584,0.08108108108108109,0.07681365576102418,0.08108108108108109,0.17410714285714285,0.171875,0.33035714285714285
157,3.0,90.0,-1.0,0.8827106863596872,0.8861859252823632,0.8218940052128584,0.7654213727193745,0.7723718505647263,0.6437880104257168,0.08108108108108109,0.07681365576102418,0.08108108108108109,0.17410714285714285,0.171875,0.33035714285714285
158,3.0,90.0,-5.0,0.8827106863596872,0.889661164205039,0.8210251954821894,0.6090356211989574,0.6507384882710686,0.48566463944396177,0.06401137980085349,0.05263157894736842,0.06401137980085349,0.20089285714285715,0.20089285714285715,0.359375
159,3.0,90.0,-10.0,0.8801042571676803,0.889661164205039,0.8123370981754996,0.4474370112945265,0.5369244135534318,0.31190269331016507,0.05689900426742532,0.044096728307254626,0.05689900426742532,0.21875,0.21428571428571427,0.39285714285714285
160,4.0,1.0,0.0,0.8992180712423979,0.9105125977410947,0.6220677671589921,0.8992180712423979,0.9105125977410947,0.6220677671589921,0.0635593220338983,0.046610169491525424,0.0635593220338983,0.16027088036117382,0.1580135440180587,0.8803611738148984
161,4.0,1.0,-1.0,0.8992180712423979,0.9105125977410947,0.6220677671589921,0.7984361424847958,0.8210251954821894,0.24413553431798435,0.0635593220338983,0.046610169491525424,0.0635593220338983,0.16027088036117382,0.1580135440180587,0.8803611738148984
162,4.0,1.0,-5.0,0.8992180712423979,0.9131190269331017,0.6246741963509991,0.680278019113814,0.7602085143353605,0.13119026933101652,0.0480225988700565,0.026836158192090395,0.0480225988700565,0.18510158013544017,0.18284424379232506,0.8984198645598194
163,4.0,1.0,-10.0,0.8983492615117289,0.9165942658557776,0.6203301476976543,0.5464813205907906,0.7237185056472633,-0.009556907037358819,0.04519774011299435,0.01977401129943503,0.04519774011299435,0.19187358916478556,0.18510158013544017,0.9142212189616253
164,4.0,10.0,0.0,0.8992180712423979,0.9122502172024327,0.6220677671589921,0.8992180712423979,0.9122502172024327,0.6220677671589921,0.0635593220338983,0.04519774011299435,0.0635593220338983,0.16027088036117382,0.15575620767494355,0.8803611738148984
165,4.0,10.0,-1.0,0.8992180712423979,0.9122502172024327,0.6220677671589921,0.7984361424847958,0.8245004344048653,0.24413553431798435,0.0635593220338983,0.04519774011299435,0.0635593220338983,0.16027088036117382,0.15575620767494355,0.8803611738148984
166,4.0,10.0,-5.0,0.8992180712423979,0.9131190269331017,0.6246741963509991,0.680278019113814,0.7602085143353605,0.13119026933101652,0.0480225988700565,0.026836158192090395,0.0480225988700565,0.18510158013544017,0.18284424379232506,0.8984198645598194
167,4.0,10.0,-10.0,0.8983492615117289,0.9157254561251086,0.6203301476976543,0.5464813205907906,0.7219808861859253,-0.009556907037358819,0.04519774011299435,0.01977401129943503,0.04519774011299435,0.19187358916478556,0.1873589164785553,0.9142212189616253
168,4.0,20.0,0.0,0.8992180712423979,0.9096437880104257,0.6220677671589921,0.8992180712423979,0.9096437880104257,0.6220677671589921,0.0635593220338983,0.046610169491525424,0.0635593220338983,0.16027088036117382,0.16027088036117382,0.8803611738148984
169,4.0,20.0,-1.0,0.8992180712423979,0.9096437880104257,0.6220677671589921,0.7984361424847958,0.8192875760208514,0.24413553431798435,0.0635593220338983,0.046610169491525424,0.0635593220338983,0.16027088036117382,0.16027088036117382,0.8803611738148984
170,4.0,20.0,-5.0,0.8992180712423979,0.9122502172024327,0.6246741963509991,0.680278019113814,0.7584708948740226,0.13119026933101652,0.0480225988700565,0.026836158192090395,0.0480225988700565,0.18510158013544017,0.18510158013544017,0.8984198645598194
171,4.0,20.0,-10.0,0.8983492615117289,0.9157254561251086,0.6203301476976543,0.5464813205907906,0.7219808861859253,-0.009556907037358819,0.04519774011299435,0.01977401129943503,0.04519774011299435,0.19187358916478556,0.1873589164785553,0.9142212189616253
172,4.0,30.0,0.0,0.8992180712423979,0.9096437880104257,0.6220677671589921,0.8992180712423979,0.9096437880104257,0.6220677671589921,0.0635593220338983,0.04943502824858757,0.0635593220338983,0.16027088036117382,0.15575620767494355,0.8803611738148984
173,4.0,30.0,-1.0,0.8992180712423979,0.9096437880104257,0.6220677671589921,0.7984361424847958,0.8192875760208514,0.24413553431798435,0.0635593220338983,0.04943502824858757,0.0635593220338983,0.16027088036117382,0.15575620767494355,0.8803611738148984
174,4.0,30.0,-5.0,0.8992180712423979,0.9113814074717637,0.6246741963509991,0.680278019113814,0.7497827975673328,0.13119026933101652,0.0480225988700565,0.029661016949152543,0.0480225988700565,0.18510158013544017,0.18284424379232506,0.8984198645598194
175,4.0,30.0,-10.0,0.8983492615117289,0.9148566463944396,0.6203301476976543,0.5464813205907906,0.7124239791485665,-0.009556907037358819,0.04519774011299435,0.0211864406779661,0.04519774011299435,0.19187358916478556,0.1873589164785553,0.9142212189616253
176,4.0,40.0,0.0,0.8992180712423979,0.9096437880104257,0.6220677671589921,0.8992180712423979,0.9096437880104257,0.6220677671589921,0.0635593220338983,0.04943502824858757,0.0635593220338983,0.16027088036117382,0.15575620767494355,0.8803611738148984
177,4.0,40.0,-1.0,0.8992180712423979,0.9096437880104257,0.6220677671589921,0.7984361424847958,0.8192875760208514,0.24413553431798435,0.0635593220338983,0.04943502824858757,0.0635593220338983,0.16027088036117382,0.15575620767494355,0.8803611738148984
178,4.0,40.0,-5.0,0.8992180712423979,0.9113814074717637,0.6246741963509991,0.680278019113814,0.7497827975673328,0.13119026933101652,0.0480225988700565,0.029661016949152543,0.0480225988700565,0.18510158013544017,0.18284424379232506,0.8984198645598194
179,4.0,40.0,-10.0,0.8983492615117289,0.9148566463944396,0.6203301476976543,0.5464813205907906,0.7124239791485665,-0.009556907037358819,0.04519774011299435,0.0211864406779661,0.04519774011299435,0.19187358916478556,0.1873589164785553,0.9142212189616253
180,4.0,50.0,0.0,0.8992180712423979,0.9105125977410947,0.6220677671589921,0.8992180712423979,0.9105125977410947,0.6220677671589921,0.0635593220338983,0.04519774011299435,0.0635593220338983,0.16027088036117382,0.16027088036117382,0.8803611738148984
181,4.0,50.0,-1.0,0.8992180712423979,0.9105125977410947,0.6220677671589921,0.7984361424847958,0.8210251954821894,0.24413553431798435,0.0635593220338983,0.04519774011299435,0.0635593220338983,0.16027088036117382,0.16027088036117382,0.8803611738148984
182,4.0,50.0,-5.0,0.8992180712423979,0.9122502172024327,0.6246741963509991,0.680278019113814,0.7549956559513467,0.13119026933101652,0.0480225988700565,0.02824858757062147,0.0480225988700565,0.18510158013544017,0.18284424379232506,0.8984198645598194
183,4.0,50.0,-10.0,0.8983492615117289,0.9148566463944396,0.6203301476976543,0.5464813205907906,0.7046046915725456,-0.009556907037358819,0.04519774011299435,0.022598870056497175,0.04519774011299435,0.19187358916478556,0.18510158013544017,0.9142212189616253
184,4.0,60.0,0.0,0.8992180712423979,0.9087749782797567,0.6220677671589921,0.8992180712423979,0.9087749782797567,0.6220677671589921,0.0635593220338983,0.05084745762711865,0.0635593220338983,0.16027088036117382,0.15575620767494355,0.8803611738148984
185,4.0,60.0,-1.0,0.8992180712423979,0.9087749782797567,0.6220677671589921,0.7984361424847958,0.8175499565595135,0.24413553431798435,0.0635593220338983,0.05084745762711865,0.0635593220338983,0.16027088036117382,0.15575620767494355,0.8803611738148984
186,4.0,60.0,-5.0,0.8992180712423979,0.9096437880104257,0.6246741963509991,0.680278019113814,0.7428323197219809,0.13119026933101652,0.0480225988700565,0.031073446327683617,0.0480225988700565,0.18510158013544017,0.18510158013544017,0.8984198645598194
187,4.0,60.0,-10.0,0.8983492615117289,0.9139878366637706,0.6203301476976543,0.5464813205907906,0.7028670721112077,-0.009556907037358819,0.04519774011299435,0.022598870056497175,0.04519774011299435,0.19187358916478556,0.1873589164785553,0.9142212189616253
188,4.0,70.0,0.0,0.8992180712423979,0.9096437880104257,0.6220677671589921,0.8992180712423979,0.9096437880104257,0.6220677671589921,0.0635593220338983,0.0480225988700565,0.0635593220338983,0.16027088036117382,0.1580135440180587,0.8803611738148984
189,4.0,70.0,-1.0,0.8992180712423979,0.9096437880104257,0.6220677671589921,0.7984361424847958,0.8192875760208514,0.24413553431798435,0.0635593220338983,0.0480225988700565,0.0635593220338983,0.16027088036117382,0.1580135440180587,0.8803611738148984
190,4.0,70.0,-5.0,0.8992180712423979,0.9105125977410947,0.6246741963509991,0.680278019113814,0.7445699391833188,0.13119026933101652,0.0480225988700565,0.031073446327683617,0.0480225988700565,0.18510158013544017,0.18284424379232506,0.8984198645598194
191,4.0,70.0,-10.0,0.8983492615117289,0.9131190269331017,0.6203301476976543,0.5464813205907906,0.6933101650738488,-0.009556907037358819,0.04519774011299435,0.02401129943502825,0.04519774011299435,0.19187358916478556,0.1873589164785553,0.9142212189616253
192,4.0,80.0,0.0,0.8992180712423979,0.9113814074717637,0.6220677671589921,0.8992180712423979,0.9113814074717637,0.6220677671589921,0.0635593220338983,0.046610169491525424,0.0635593220338983,0.16027088036117382,0.15575620767494355,0.8803611738148984
193,4.0,80.0,-1.0,0.8992180712423979,0.9113814074717637,0.6220677671589921,0.7984361424847958,0.8227628149435273,0.24413553431798435,0.0635593220338983,0.046610169491525424,0.0635593220338983,0.16027088036117382,0.15575620767494355,0.8803611738148984
194,4.0,80.0,-5.0,0.8992180712423979,0.9113814074717637,0.6246741963509991,0.680278019113814,0.7497827975673328,0.13119026933101652,0.0480225988700565,0.029661016949152543,0.0480225988700565,0.18510158013544017,0.18284424379232506,0.8984198645598194
195,4.0,80.0,-10.0,0.8983492615117289,0.9148566463944396,0.6203301476976543,0.5464813205907906,0.7124239791485665,-0.009556907037358819,0.04519774011299435,0.0211864406779661,0.04519774011299435,0.19187358916478556,0.1873589164785553,0.9142212189616253
196,4.0,90.0,0.0,0.8992180712423979,0.9087749782797567,0.6220677671589921,0.8992180712423979,0.9087749782797567,0.6220677671589921,0.0635593220338983,0.04943502824858757,0.0635593220338983,0.16027088036117382,0.1580135440180587,0.8803611738148984
197,4.0,90.0,-1.0,0.8992180712423979,0.9087749782797567,0.6220677671589921,0.7984361424847958,0.8175499565595135,0.24413553431798435,0.0635593220338983,0.04943502824858757,0.0635593220338983,0.16027088036117382,0.1580135440180587,0.8803611738148984
198,4.0,90.0,-5.0,0.8992180712423979,0.9105125977410947,0.6246741963509991,0.680278019113814,0.7445699391833188,0.13119026933101652,0.0480225988700565,0.031073446327683617,0.0480225988700565,0.18510158013544017,0.18284424379232506,0.8984198645598194
199,4.0,90.0,-10.0,0.8983492615117289,0.9131190269331017,0.6203301476976543,0.5464813205907906,0.6933101650738488,-0.009556907037358819,0.04519774011299435,0.02401129943502825,0.04519774011299435,0.19187358916478556,0.1873589164785553,0.9142212189616253
200,5.0,1.0,0.0,0.889661164205039,0.8774978279756733,0.8392701998262381,0.889661164205039,0.8774978279756733,0.8392701998262381,0.06294706723891273,0.058655221745350504,0.06294706723891273,0.1836283185840708,0.22123893805309736,0.31194690265486724
201,5.0,1.0,-1.0,0.889661164205039,0.8774978279756733,0.8392701998262381,0.7793223284100782,0.7549956559513467,0.6785403996524761,0.06294706723891273,0.058655221745350504,0.06294706723891273,0.1836283185840708,0.22123893805309736,0.31194690265486724
202,5.0,1.0,-5.0,0.8861859252823632,0.8757602085143353,0.8357949609035621,0.6472632493483927,0.6437880104257168,0.5464813205907906,0.05150214592274678,0.044349070100143065,0.05150214592274678,0.21017699115044247,0.24778761061946902,0.33849557522123896
203,5.0,1.0,-10.0,0.8818418766290183,0.8731537793223284,0.8253692441355344,0.5212858384013901,0.5195482189400521,0.40834057341442226,0.044349070100143065,0.04148783977110158,0.044349070100143065,0.2323008849557522,0.2588495575221239,0.37610619469026546
204,5.0,10.0,0.0,0.889661164205039,0.8809730668983493,0.8392701998262381,0.889661164205039,0.8809730668983493,0.8392701998262381,0.06294706723891273,0.05293276108726753,0.06294706723891273,0.1836283185840708,0.22123893805309736,0.31194690265486724
205,5.0,10.0,-1.0,0.889661164205039,0.8809730668983493,0.8392701998262381,0.7793223284100782,0.7619461337966985,0.6785403996524761,0.06294706723891273,0.05293276108726753,0.06294706723891273,0.1836283185840708,0.22123893805309736,0.31194690265486724
206,5.0,10.0,-5.0,0.8861859252823632,0.8757602085143353,0.8357949609035621,0.6472632493483927,0.6472632493483927,0.5464813205907906,0.05150214592274678,0.04291845493562232,0.05150214592274678,0.21017699115044247,0.25,0.33849557522123896
207,5.0,10.0,-10.0,0.8818418766290183,0.8740225890529973,0.8253692441355344,0.5212858384013901,0.529105125977411,0.40834057341442226,0.044349070100143065,0.04005722460658083,0.044349070100143065,0.2323008849557522,0.2588495575221239,0.37610619469026546
208,5.0,20.0,0.0,0.889661164205039,0.8766290182450044,0.8392701998262381,0.889661164205039,0.8766290182450044,0.8392701998262381,0.06294706723891273,0.05722460658082976,0.06294706723891273,0.1836283185840708,0.22566371681415928,0.31194690265486724
209,5.0,20.0,-1.0,0.889661164205039,0.8766290182450044,0.8392701998262381,0.7793223284100782,0.7532580364900087,0.6785403996524761,0.06294706723891273,0.05722460658082976,0.06294706723891273,0.1836283185840708,0.22566371681415928,0.31194690265486724
210,5.0,20.0,-5.0,0.8861859252823632,0.8731537793223284,0.8357949609035621,0.6472632493483927,0.631624674196351,0.5464813205907906,0.05150214592274678,0.04721030042918455,0.05150214592274678,0.21017699115044247,0.25,0.33849557522123896
211,5.0,20.0,-10.0,0.8818418766290183,0.8740225890529973,0.8253692441355344,0.5212858384013901,0.529105125977411,0.40834057341442226,0.044349070100143065,0.04005722460658083,0.044349070100143065,0.2323008849557522,0.2588495575221239,0.37610619469026546
212,5.0,30.0,0.0,0.889661164205039,0.8774978279756733,0.8392701998262381,0.889661164205039,0.8774978279756733,0.8392701998262381,0.06294706723891273,0.058655221745350504,0.06294706723891273,0.1836283185840708,0.22123893805309736,0.31194690265486724
213,5.0,30.0,-1.0,0.889661164205039,0.8774978279756733,0.8392701998262381,0.7793223284100782,0.7549956559513467,0.6785403996524761,0.06294706723891273,0.058655221745350504,0.06294706723891273,0.1836283185840708,0.22123893805309736,0.31194690265486724
214,5.0,30.0,-5.0,0.8861859252823632,0.8740225890529973,0.8357949609035621,0.6472632493483927,0.6333622936576889,0.5464813205907906,0.05150214592274678,0.04721030042918455,0.05150214592274678,0.21017699115044247,0.24778761061946902,0.33849557522123896
215,5.0,30.0,-10.0,0.8818418766290183,0.8731537793223284,0.8253692441355344,0.5212858384013901,0.5195482189400521,0.40834057341442226,0.044349070100143065,0.04148783977110158,0.044349070100143065,0.2323008849557522,0.2588495575221239,0.37610619469026546
216,5.0,40.0,0.0,0.889661164205039,0.8774978279756733,0.8392701998262381,0.889661164205039,0.8774978279756733,0.8392701998262381,0.06294706723891273,0.058655221745350504,0.06294706723891273,0.1836283185840708,0.22123893805309736,0.31194690265486724
217,5.0,40.0,-1.0,0.889661164205039,0.8774978279756733,0.8392701998262381,0.7793223284100782,0.7549956559513467,0.6785403996524761,0.06294706723891273,0.058655221745350504,0.06294706723891273,0.1836283185840708,0.22123893805309736,0.31194690265486724
218,5.0,40.0,-5.0,0.8861859252823632,0.8757602085143353,0.8357949609035621,0.6472632493483927,0.6403127715030409,0.5464813205907906,0.05150214592274678,0.045779685264663805,0.05150214592274678,0.21017699115044247,0.24557522123893805,0.33849557522123896
219,5.0,40.0,-10.0,0.8818418766290183,0.8714161598609904,0.8253692441355344,0.5212858384013901,0.5082536924413553,0.40834057341442226,0.044349070100143065,0.04291845493562232,0.044349070100143065,0.2323008849557522,0.2610619469026549,0.37610619469026546
220,5.0,50.0,0.0,0.889661164205039,0.8783666377063423,0.8392701998262381,0.889661164205039,0.8783666377063423,0.8392701998262381,0.06294706723891273,0.058655221745350504,0.06294706723891273,0.1836283185840708,0.21902654867256638,0.31194690265486724
221,5.0,50.0,-1.0,0.889661164205039,0.8783666377063423,0.8392701998262381,0.7793223284100782,0.7567332754126846,0.6785403996524761,0.06294706723891273,0.058655221745350504,0.06294706723891273,0.1836283185840708,0.21902654867256638,0.31194690265486724
222,5.0,50.0,-5.0,0.8861859252823632,0.8705473501303215,0.8357949609035621,0.6472632493483927,0.6194613379669852,0.5464813205907906,0.05150214592274678,0.05007153075822604,0.05150214592274678,0.21017699115044247,0.252212389380531,0.33849557522123896
223,5.0,50.0,-10.0,0.8818418766290183,0.8731537793223284,0.8253692441355344,0.5212858384013901,0.5195482189400521,0.40834057341442226,0.044349070100143065,0.04148783977110158,0.044349070100143065,0.2323008849557522,0.2588495575221239,0.37610619469026546
224,5.0,60.0,0.0,0.889661164205039,0.8731537793223284,0.8392701998262381,0.889661164205039,0.8731537793223284,0.8392701998262381,0.06294706723891273,0.06580829756795423,0.06294706723891273,0.1836283185840708,0.22123893805309736,0.31194690265486724
225,5.0,60.0,-1.0,0.889661164205039,0.8731537793223284,0.8392701998262381,0.7793223284100782,0.7463075586446568,0.6785403996524761,0.06294706723891273,0.06580829756795423,0.06294706723891273,0.1836283185840708,0.22123893805309736,0.31194690265486724
226,5.0,60.0,-5.0,0.8861859252823632,0.8714161598609904,0.8357949609035621,0.6472632493483927,0.6246741963509991,0.5464813205907906,0.05150214592274678,0.04864091559370529,0.05150214592274678,0.21017699115044247,0.252212389380531,0.33849557522123896
227,5.0,60.0,-10.0,0.8818418766290183,0.8714161598609904,0.8253692441355344,0.5212858384013901,0.5160729800173762,0.40834057341442226,0.044349070100143065,0.04148783977110158,0.044349070100143065,0.2323008849557522,0.26327433628318586,0.37610619469026546
228,5.0,70.0,0.0,0.889661164205039,0.8757602085143353,0.8392701998262381,0.889661164205039,0.8757602085143353,0.8392701998262381,0.06294706723891273,0.06294706723891273,0.06294706723891273,0.1836283185840708,0.21902654867256638,0.31194690265486724
229,5.0,70.0,-1.0,0.889661164205039,0.8757602085143353,0.8392701998262381,0.7793223284100782,0.7515204170286707,0.6785403996524761,0.06294706723891273,0.06294706723891273,0.06294706723891273,0.1836283185840708,0.21902654867256638,0.31194690265486724
230,5.0,70.0,-5.0,0.8861859252823632,0.8714161598609904,0.8357949609035621,0.6472632493483927,0.6211989574283232,0.5464813205907906,0.05150214592274678,0.05007153075822604,0.05150214592274678,0.21017699115044247,0.25,0.33849557522123896
231,5.0,70.0,-10.0,0.8818418766290183,0.8731537793223284,0.8253692441355344,0.5212858384013901,0.5195482189400521,0.40834057341442226,0.044349070100143065,0.04148783977110158,0.044349070100143065,0.2323008849557522,0.2588495575221239,0.37610619469026546
232,5.0,80.0,0.0,0.889661164205039,0.8766290182450044,0.8392701998262381,0.889661164205039,0.8766290182450044,0.8392701998262381,0.06294706723891273,0.060085836909871244,0.06294706723891273,0.1836283185840708,0.22123893805309736,0.31194690265486724
233,5.0,80.0,-1.0,0.889661164205039,0.8766290182450044,0.8392701998262381,0.7793223284100782,0.7532580364900087,0.6785403996524761,0.06294706723891273,0.060085836909871244,0.06294706723891273,0.1836283185840708,0.22123893805309736,0.31194690265486724
234,5.0,80.0,-5.0,0.8861859252823632,0.8705473501303215,0.8357949609035621,0.6472632493483927,0.6194613379669852,0.5464813205907906,0.05150214592274678,0.05007153075822604,0.05150214592274678,0.21017699115044247,0.252212389380531,0.33849557522123896
235,5.0,80.0,-10.0,0.8818418766290183,0.8714161598609904,0.8253692441355344,0.5212858384013901,0.5082536924413553,0.40834057341442226,0.044349070100143065,0.04291845493562232,0.044349070100143065,0.2323008849557522,0.2610619469026549,0.37610619469026546
236,5.0,90.0,0.0,0.889661164205039,0.8722849695916595,0.8392701998262381,0.889661164205039,0.8722849695916595,0.8392701998262381,0.06294706723891273,0.06723891273247497,0.06294706723891273,0.1836283185840708,0.22123893805309736,0.31194690265486724
237,5.0,90.0,-1.0,0.889661164205039,0.8722849695916595,0.8392701998262381,0.7793223284100782,0.7445699391833188,0.6785403996524761,0.06294706723891273,0.06723891273247497,0.06294706723891273,0.1836283185840708,0.22123893805309736,0.31194690265486724
238,5.0,90.0,-5.0,0.8861859252823632,0.8714161598609904,0.8357949609035621,0.6472632493483927,0.6281494352736751,0.5464813205907906,0.05150214592274678,0.04721030042918455,0.05150214592274678,0.21017699115044247,0.25442477876106195,0.33849557522123896
239,5.0,90.0,-10.0,0.8818418766290183,0.8714161598609904,0.8253692441355344,0.5212858384013901,0.5082536924413553,0.40834057341442226,0.044349070100143065,0.04291845493562232,0.044349070100143065,0.2323008849557522,0.2610619469026549,0.37610619469026546
240,6.0,1.0,0.0,0.8905299739357081,0.9079061685490878,0.6177237185056472,0.8905299739357081,0.9079061685490878,0.6177237185056472,0.07163323782234957,0.04297994269340974,0.07163323782234957,0.16777041942604856,0.16777041942604856,0.8609271523178808
241,6.0,1.0,-1.0,0.8905299739357081,0.9079061685490878,0.6177237185056472,0.7810599478714162,0.8158123370981755,0.23544743701129453,0.07163323782234957,0.04297994269340974,0.07163323782234957,0.16777041942604856,0.16777041942604856,0.8609271523178808
242,6.0,1.0,-5.0,0.8879235447437012,0.9061685490877498,0.6264118158123371,0.6472632493483927,0.739357080799305,0.12423979148566464,0.05300859598853868,0.03008595988538682,0.05300859598853868,0.20309050772626933,0.19205298013245034,0.8675496688741722
243,6.0,1.0,-10.0,0.8905299739357081,0.9052997393570807,0.629887054735013,0.5464813205907906,0.6776715899218071,0.02519548218940052,0.04297994269340974,0.024355300859598854,0.04297994269340974,0.2119205298013245,0.20309050772626933,0.8741721854304636
244,6.0,10.0,0.0,0.8905299739357081,0.9061685490877498,0.6177237185056472,0.8905299739357081,0.9061685490877498,0.6177237185056472,0.07163323782234957,0.045845272206303724,0.07163323782234957,0.16777041942604856,0.16777041942604856,0.8609271523178808
245,6.0,10.0,-1.0,0.8905299739357081,0.9061685490877498,0.6177237185056472,0.7810599478714162,0.8123370981754996,0.23544743701129453,0.07163323782234957,0.045845272206303724,0.07163323782234957,0.16777041942604856,0.16777041942604856,0.8609271523178808
246,6.0,10.0,-5.0,0.8879235447437012,0.9070373588184187,0.6264118158123371,0.6472632493483927,0.7445699391833188,0.12423979148566464,0.05300859598853868,0.02865329512893983,0.05300859598853868,0.20309050772626933,0.19205298013245034,0.8675496688741722
247,6.0,10.0,-10.0,0.8905299739357081,0.9061685490877498,0.629887054735013,0.5464813205907906,0.687228496959166,0.02519548218940052,0.04297994269340974,0.022922636103151862,0.04297994269340974,0.2119205298013245,0.20309050772626933,0.8741721854304636
248,6.0,20.0,0.0,0.8905299739357081,0.9052997393570807,0.6177237185056472,0.8905299739357081,0.9052997393570807,0.6177237185056472,0.07163323782234957,0.04727793696275072,0.07163323782234957,0.16777041942604856,0.16777041942604856,0.8609271523178808
249,6.0,20.0,-1.0,0.8905299739357081,0.9052997393570807,0.6177237185056472,0.7810599478714162,0.8105994787141616,0.23544743701129453,0.07163323782234957,0.04727793696275072,0.07163323782234957,0.16777041942604856,0.16777041942604856,0.8609271523178808
250,6.0,20.0,-5.0,0.8879235447437012,0.9061685490877498,0.6264118158123371,0.6472632493483927,0.735881841876629,0.12423979148566464,0.05300859598853868,0.03151862464183381,0.05300859598853868,0.20309050772626933,0.18984547461368653,0.8675496688741722
251,6.0,20.0,-10.0,0.8905299739357081,0.9035621198957429,0.629887054735013,0.5464813205907906,0.6585577758470895,0.02519548218940052,0.04297994269340974,0.027220630372492838,0.04297994269340974,0.2119205298013245,0.20309050772626933,0.8741721854304636
252,6.0,30.0,0.0,0.8905299739357081,0.9061685490877498,0.6177237185056472,0.8905299739357081,0.9061685490877498,0.6177237185056472,0.07163323782234957,0.044412607449856735,0.07163323782234957,0.16777041942604856,0.16997792494481237,0.8609271523178808
253,6.0,30.0,-1.0,0.8905299739357081,0.9061685490877498,0.6177237185056472,0.7810599478714162,0.8123370981754996,0.23544743701129453,0.07163323782234957,0.044412607449856735,0.07163323782234957,0.16777041942604856,0.16997792494481237,0.8609271523178808
254,6.0,30.0,-5.0,0.8879235447437012,0.9087749782797567,0.6264118158123371,0.6472632493483927,0.7480451781059948,0.12423979148566464,0.05300859598853868,0.02865329512893983,0.05300859598853868,0.20309050772626933,0.18763796909492272,0.8675496688741722
255,6.0,30.0,-10.0,0.8905299739357081,0.9052997393570807,0.629887054735013,0.5464813205907906,0.6776715899218071,0.02519548218940052,0.04297994269340974,0.024355300859598854,0.04297994269340974,0.2119205298013245,0.20309050772626933,0.8741721854304636
256,6.0,40.0,0.0,0.8905299739357081,0.9044309296264118,0.6177237185056472,0.8905299739357081,0.9044309296264118,0.6177237185056472,0.07163323782234957,0.04871060171919771,0.07163323782234957,0.16777041942604856,0.16777041942604856,0.8609271523178808
257,6.0,40.0,-1.0,0.8905299739357081,0.9044309296264118,0.6177237185056472,0.7810599478714162,0.8088618592528236,0.23544743701129453,0.07163323782234957,0.04871060171919771,0.07163323782234957,0.16777041942604856,0.16777041942604856,0.8609271523178808
258,6.0,40.0,-5.0,0.8879235447437012,0.9061685490877498,0.6264118158123371,0.6472632493483927,0.7428323197219809,0.12423979148566464,0.05300859598853868,0.02865329512893983,0.05300859598853868,0.20309050772626933,0.19426048565121412,0.8675496688741722
259,6.0,40.0,-10.0,0.8905299739357081,0.9052997393570807,0.629887054735013,0.5464813205907906,0.6776715899218071,0.02519548218940052,0.04297994269340974,0.024355300859598854,0.04297994269340974,0.2119205298013245,0.20309050772626933,0.8741721854304636
260,6.0,50.0,0.0,0.8905299739357081,0.9009556907037359,0.6177237185056472,0.8905299739357081,0.9009556907037359,0.6177237185056472,0.07163323782234957,0.054441260744985676,0.07163323782234957,0.16777041942604856,0.16777041942604856,0.8609271523178808
261,6.0,50.0,-1.0,0.8905299739357081,0.9009556907037359,0.6177237185056472,0.7810599478714162,0.8019113814074718,0.23544743701129453,0.07163323782234957,0.054441260744985676,0.07163323782234957,0.16777041942604856,0.16777041942604856,0.8609271523178808
262,6.0,50.0,-5.0,0.8879235447437012,0.9061685490877498,0.6264118158123371,0.6472632493483927,0.7428323197219809,0.12423979148566464,0.05300859598853868,0.02865329512893983,0.05300859598853868,0.20309050772626933,0.19426048565121412,0.8675496688741722
263,6.0,50.0,-10.0,0.8905299739357081,0.9044309296264118,0.629887054735013,0.5464813205907906,0.6681146828844483,0.02519548218940052,0.04297994269340974,0.025787965616045846,0.04297994269340974,0.2119205298013245,0.20309050772626933,0.8741721854304636
264,6.0,60.0,0.0,0.8905299739357081,0.8983492615117289,0.6177237185056472,0.8905299739357081,0.8983492615117289,0.6177237185056472,0.07163323782234957,0.05730659025787966,0.07163323782234957,0.16777041942604856,0.16997792494481237,0.8609271523178808
265,6.0,60.0,-1.0,0.8905299739357081,0.8983492615117289,0.6177237185056472,0.7810599478714162,0.7966985230234579,0.23544743701129453,0.07163323782234957,0.05730659025787966,0.07163323782234957,0.16777041942604856,0.16997792494481237,0.8609271523178808
266,6.0,60.0,-5.0,0.8879235447437012,0.9052997393570807,0.6264118158123371,0.6472632493483927,0.737619461337967,0.12423979148566464,0.05300859598853868,0.03008595988538682,0.05300859598853868,0.20309050772626933,0.19426048565121412,0.8675496688741722
267,6.0,60.0,-10.0,0.8905299739357081,0.9044309296264118,0.629887054735013,0.5464813205907906,0.6681146828844483,0.02519548218940052,0.04297994269340974,0.025787965616045846,0.04297994269340974,0.2119205298013245,0.20309050772626933,0.8741721854304636
268,6.0,70.0,0.0,0.8905299739357081,0.9009556907037359,0.6177237185056472,0.8905299739357081,0.9009556907037359,0.6177237185056472,0.07163323782234957,0.055873925501432664,0.07163323782234957,0.16777041942604856,0.16556291390728478,0.8609271523178808
269,6.0,70.0,-1.0,0.8905299739357081,0.9009556907037359,0.6177237185056472,0.7810599478714162,0.8019113814074718,0.23544743701129453,0.07163323782234957,0.055873925501432664,0.07163323782234957,0.16777041942604856,0.16556291390728478,0.8609271523178808
270,6.0,70.0,-5.0,0.8879235447437012,0.9026933101650738,0.6264118158123371,0.6472632493483927,0.7254561251086012,0.12423979148566464,0.05300859598853868,0.0329512893982808,0.05300859598853868,0.20309050772626933,0.19646799116997793,0.8675496688741722
271,6.0,70.0,-10.0,0.8905299739357081,0.9018245004344049,0.629887054735013,0.5464813205907906,0.6394439617723718,0.02519548218940052,0.04297994269340974,0.03008595988538682,0.04297994269340974,0.2119205298013245,0.20309050772626933,0.8741721854304636
272,6.0,80.0,0.0,0.8905299739357081,0.9000868809730669,0.6177237185056472,0.8905299739357081,0.9000868809730669,0.6177237185056472,0.07163323782234957,0.055873925501432664,0.07163323782234957,0.16777041942604856,0.16777041942604856,0.8609271523178808
273,6.0,80.0,-1.0,0.8905299739357081,0.9000868809730669,0.6177237185056472,0.7810599478714162,0.8001737619461338,0.23544743701129453,0.07163323782234957,0.055873925501432664,0.07163323782234957,0.16777041942604856,0.16777041942604856,0.8609271523178808
274,6.0,80.0,-5.0,0.8879235447437012,0.9052997393570807,0.6264118158123371,0.6472632493483927,0.7341442224152911,0.12423979148566464,0.05300859598853868,0.03151862464183381,0.05300859598853868,0.20309050772626933,0.19205298013245034,0.8675496688741722
275,6.0,80.0,-10.0,0.8905299739357081,0.9018245004344049,0.629887054735013,0.5464813205907906,0.6472632493483927,0.02519548218940052,0.04297994269340974,0.02865329512893983,0.04297994269340974,0.2119205298013245,0.2052980132450331,0.8741721854304636
276,6.0,90.0,0.0,0.8905299739357081,0.9018245004344049,0.6177237185056472,0.8905299739357081,0.9018245004344049,0.6177237185056472,0.07163323782234957,0.05300859598853868,0.07163323782234957,0.16777041942604856,0.16777041942604856,0.8609271523178808
277,6.0,90.0,-1.0,0.8905299739357081,0.9018245004344049,0.6177237185056472,0.7810599478714162,0.8036490008688097,0.23544743701129453,0.07163323782234957,0.05300859598853868,0.07163323782234957,0.16777041942604856,0.16777041942604856,0.8609271523178808
278,6.0,90.0,-5.0,0.8879235447437012,0.9052997393570807,0.6264118158123371,0.6472632493483927,0.737619461337967,0.12423979148566464,0.05300859598853868,0.03008595988538682,0.05300859598853868,0.20309050772626933,0.19426048565121412,0.8675496688741722
279,6.0,90.0,-10.0,0.8905299739357081,0.9044309296264118,0.629887054735013,0.5464813205907906,0.6681146828844483,0.02519548218940052,0.04297994269340974,0.025787965616045846,0.04297994269340974,0.2119205298013245,0.20309050772626933,0.8741721854304636
280,7.0,1.0,0.0,0.894874022589053,0.9044309296264118,0.6246741963509991,0.894874022589053,0.9044309296264118,0.6246741963509991,0.05649717514124294,0.04096045197740113,0.05649717514124294,0.18284424379232506,0.18284424379232506,0.8848758465011287
281,7.0,1.0,-1.0,0.894874022589053,0.9044309296264118,0.6246741963509991,0.789748045178106,0.8088618592528236,0.24934839270199827,0.05649717514124294,0.04096045197740113,0.05649717514124294,0.18284424379232506,0.18284424379232506,0.8848758465011287
282,7.0,1.0,-5.0,0.896611642050391,0.9079061685490878,0.6272806255430061,0.6959165942658557,0.7567332754126846,0.157254561251086,0.03954802259887006,0.02401129943502825,0.03954802259887006,0.2054176072234763,0.20090293453724606,0.9051918735891648
283,7.0,1.0,-10.0,0.8922675933970461,0.9079061685490878,0.629018245004344,0.5968722849695917,0.7298001737619462,0.07037358818418767,0.03389830508474576,0.015536723163841809,0.03389830508474576,0.22573363431151242,0.2144469525959368,0.909706546275395
284,7.0,10.0,0.0,0.894874022589053,0.9035621198957429,0.6246741963509991,0.894874022589053,0.9035621198957429,0.6246741963509991,0.05649717514124294,0.04096045197740113,0.05649717514124294,0.18284424379232506,0.18510158013544017,0.8848758465011287
285,7.0,10.0,-1.0,0.894874022589053,0.9035621198957429,0.6246741963509991,0.789748045178106,0.8071242397914856,0.24934839270199827,0.05649717514124294,0.04096045197740113,0.05649717514124294,0.18284424379232506,0.18510158013544017,0.8848758465011287
286,7.0,10.0,-5.0,0.896611642050391,0.9061685490877498,0.6272806255430061,0.6959165942658557,0.7463075586446568,0.157254561251086,0.03954802259887006,0.026836158192090395,0.03954802259887006,0.2054176072234763,0.20090293453724606,0.9051918735891648
287,7.0,10.0,-10.0,0.8922675933970461,0.9079061685490878,0.629018245004344,0.5968722849695917,0.7298001737619462,0.07037358818418767,0.03389830508474576,0.015536723163841809,0.03389830508474576,0.22573363431151242,0.2144469525959368,0.909706546275395
288,7.0,20.0,0.0,0.894874022589053,0.9018245004344049,0.6246741963509991,0.894874022589053,0.9018245004344049,0.6246741963509991,0.05649717514124294,0.0423728813559322,0.05649717514124294,0.18284424379232506,0.1873589164785553,0.8848758465011287
289,7.0,20.0,-1.0,0.894874022589053,0.9018245004344049,0.6246741963509991,0.789748045178106,0.8036490008688097,0.24934839270199827,0.05649717514124294,0.0423728813559322,0.05649717514124294,0.18284424379232506,0.1873589164785553,0.8848758465011287
290,7.0,20.0,-5.0,0.896611642050391,0.9105125977410947,0.6272806255430061,0.6959165942658557,0.7654213727193745,0.157254561251086,0.03954802259887006,0.022598870056497175,0.03954802259887006,0.2054176072234763,0.1963882618510158,0.9051918735891648
291,7.0,20.0,-10.0,0.8922675933970461,0.9087749782797567,0.629018245004344,0.5968722849695917,0.739357080799305,0.07037358818418767,0.03389830508474576,0.014124293785310734,0.03389830508474576,0.22573363431151242,0.2144469525959368,0.909706546275395
292,7.0,30.0,0.0,0.894874022589053,0.9009556907037359,0.6246741963509991,0.894874022589053,0.9009556907037359,0.6246741963509991,0.05649717514124294,0.04519774011299435,0.05649717514124294,0.18284424379232506,0.18510158013544017,0.8848758465011287
293,7.0,30.0,-1.0,0.894874022589053,0.9009556907037359,0.6246741963509991,0.789748045178106,0.8019113814074718,0.24934839270199827,0.05649717514124294,0.04519774011299435,0.05649717514124294,0.18284424379232506,0.18510158013544017,0.8848758465011287
294,7.0,30.0,-5.0,0.896611642050391,0.9079061685490878,0.6272806255430061,0.6959165942658557,0.7532580364900087,0.157254561251086,0.03954802259887006,0.025423728813559324,0.03954802259887006,0.2054176072234763,0.1986455981941309,0.9051918735891648
295,7.0,30.0,-10.0,0.8922675933970461,0.9079061685490878,0.629018245004344,0.5968722849695917,0.7298001737619462,0.07037358818418767,0.03389830508474576,0.015536723163841809,0.03389830508474576,0.22573363431151242,0.2144469525959368,0.909706546275395
296,7.0,40.0,0.0,0.894874022589053,0.9018245004344049,0.6246741963509991,0.894874022589053,0.9018245004344049,0.6246741963509991,0.05649717514124294,0.04519774011299435,0.05649717514124294,0.18284424379232506,0.18284424379232506,0.8848758465011287
297,7.0,40.0,-1.0,0.894874022589053,0.9018245004344049,0.6246741963509991,0.789748045178106,0.8036490008688097,0.24934839270199827,0.05649717514124294,0.04519774011299435,0.05649717514124294,0.18284424379232506,0.18284424379232506,0.8848758465011287
298,7.0,40.0,-5.0,0.896611642050391,0.9079061685490878,0.6272806255430061,0.6959165942658557,0.7567332754126846,0.157254561251086,0.03954802259887006,0.02401129943502825,0.03954802259887006,0.2054176072234763,0.20090293453724606,0.9051918735891648
299,7.0,40.0,-10.0,0.8922675933970461,0.9079061685490878,0.629018245004344,0.5968722849695917,0.7298001737619462,0.07037358818418767,0.03389830508474576,0.015536723163841809,0.03389830508474576,0.22573363431151242,0.2144469525959368,0.909706546275395
300,7.0,50.0,0.0,0.894874022589053,0.9018245004344049,0.6246741963509991,0.894874022589053,0.9018245004344049,0.6246741963509991,0.05649717514124294,0.04519774011299435,0.05649717514124294,0.18284424379232506,0.18284424379232506,0.8848758465011287
301,7.0,50.0,-1.0,0.894874022589053,0.9018245004344049,0.6246741963509991,0.789748045178106,0.8036490008688097,0.24934839270199827,0.05649717514124294,0.04519774011299435,0.05649717514124294,0.18284424379232506,0.18284424379232506,0.8848758465011287
302,7.0,50.0,-5.0,0.896611642050391,0.9079061685490878,0.6272806255430061,0.6959165942658557,0.7567332754126846,0.157254561251086,0.03954802259887006,0.02401129943502825,0.03954802259887006,0.2054176072234763,0.20090293453724606,0.9051918735891648
303,7.0,50.0,-10.0,0.8922675933970461,0.9079061685490878,0.629018245004344,0.5968722849695917,0.7298001737619462,0.07037358818418767,0.03389830508474576,0.015536723163841809,0.03389830508474576,0.22573363431151242,0.2144469525959368,0.909706546275395
304,7.0,60.0,0.0,0.894874022589053,0.9000868809730669,0.6246741963509991,0.894874022589053,0.9000868809730669,0.6246741963509991,0.05649717514124294,0.046610169491525424,0.05649717514124294,0.18284424379232506,0.18510158013544017,0.8848758465011287
305,7.0,60.0,-1.0,0.894874022589053,0.9000868809730669,0.6246741963509991,0.789748045178106,0.8001737619461338,0.24934839270199827,0.05649717514124294,0.046610169491525424,0.05649717514124294,0.18284424379232506,0.18510158013544017,0.8848758465011287
306,7.0,60.0,-5.0,0.896611642050391,0.9079061685490878,0.6272806255430061,0.6959165942658557,0.7602085143353605,0.157254561251086,0.03954802259887006,0.022598870056497175,0.03954802259887006,0.2054176072234763,0.20316027088036118,0.9051918735891648
307,7.0,60.0,-10.0,0.8922675933970461,0.9079061685490878,0.629018245004344,0.5968722849695917,0.7298001737619462,0.07037358818418767,0.03389830508474576,0.015536723163841809,0.03389830508474576,0.22573363431151242,0.2144469525959368,0.909706546275395
308,7.0,70.0,0.0,0.894874022589053,0.9009556907037359,0.6246741963509991,0.894874022589053,0.9009556907037359,0.6246741963509991,0.05649717514124294,0.046610169491525424,0.05649717514124294,0.18284424379232506,0.18284424379232506,0.8848758465011287
309,7.0,70.0,-1.0,0.894874022589053,0.9009556907037359,0.6246741963509991,0.789748045178106,0.8019113814074718,0.24934839270199827,0.05649717514124294,0.046610169491525424,0.05649717514124294,0.18284424379232506,0.18284424379232506,0.8848758465011287
310,7.0,70.0,-5.0,0.896611642050391,0.9061685490877498,0.6272806255430061,0.6959165942658557,0.7463075586446568,0.157254561251086,0.03954802259887006,0.026836158192090395,0.03954802259887006,0.2054176072234763,0.20090293453724606,0.9051918735891648
311,7.0,70.0,-10.0,0.8922675933970461,0.9079061685490878,0.629018245004344,0.5968722849695917,0.7298001737619462,0.07037358818418767,0.03389830508474576,0.015536723163841809,0.03389830508474576,0.22573363431151242,0.2144469525959368,0.909706546275395
312,7.0,80.0,0.0,0.894874022589053,0.8983492615117289,0.6246741963509991,0.894874022589053,0.8983492615117289,0.6246741963509991,0.05649717514124294,0.04943502824858757,0.05649717514124294,0.18284424379232506,0.18510158013544017,0.8848758465011287
313,7.0,80.0,-1.0,0.894874022589053,0.8983492615117289,0.6246741963509991,0.789748045178106,0.7966985230234579,0.24934839270199827,0.05649717514124294,0.04943502824858757,0.05649717514124294,0.18284424379232506,0.18510158013544017,0.8848758465011287
314,7.0,80.0,-5.0,0.896611642050391,0.9079061685490878,0.6272806255430061,0.6959165942658557,0.7567332754126846,0.157254561251086,0.03954802259887006,0.02401129943502825,0.03954802259887006,0.2054176072234763,0.20090293453724606,0.9051918735891648
315,7.0,80.0,-10.0,0.8922675933970461,0.9079061685490878,0.629018245004344,0.5968722849695917,0.737619461337967,0.07037358818418767,0.03389830508474576,0.014124293785310734,0.03389830508474576,0.22573363431151242,0.21670428893905191,0.909706546275395
316,7.0,90.0,0.0,0.894874022589053,0.8983492615117289,0.6246741963509991,0.894874022589053,0.8983492615117289,0.6246741963509991,0.05649717514124294,0.0480225988700565,0.05649717514124294,0.18284424379232506,0.1873589164785553,0.8848758465011287
317,7.0,90.0,-1.0,0.894874022589053,0.8983492615117289,0.6246741963509991,0.789748045178106,0.7966985230234579,0.24934839270199827,0.05649717514124294,0.0480225988700565,0.05649717514124294,0.18284424379232506,0.1873589164785553,0.8848758465011287
318,7.0,90.0,-5.0,0.896611642050391,0.9105125977410947,0.6272806255430061,0.6959165942658557,0.7688966116420504,0.157254561251086,0.03954802259887006,0.0211864406779661,0.03954802259887006,0.2054176072234763,0.1986455981941309,0.9051918735891648
319,7.0,90.0,-10.0,0.8922675933970461,0.9079061685490878,0.629018245004344,0.5968722849695917,0.7298001737619462,0.07037358818418767,0.03389830508474576,0.015536723163841809,0.03389830508474576,0.22573363431151242,0.2144469525959368,0.909706546275395
320,8.0,1.0,0.0,0.8879235447437012,0.9009556907037359,0.6055603822762815,0.8879235447437012,0.9009556907037359,0.6055603822762815,0.05830903790087463,0.037900874635568516,0.05830903790087463,0.1913978494623656,0.18924731182795698,0.8903225806451613
321,8.0,1.0,-1.0,0.8879235447437012,0.9009556907037359,0.6055603822762815,0.7758470894874022,0.8019113814074718,0.21112076455256298,0.05830903790087463,0.037900874635568516,0.05830903790087463,0.1913978494623656,0.18924731182795698,0.8903225806451613
322,8.0,1.0,-5.0,0.8809730668983493,0.9000868809730669,0.6055603822762815,0.6437880104257168,0.741094700260643,0.09296264118158123,0.04956268221574344,0.02478134110787172,0.04956268221574344,0.221505376344086,0.210752688172043,0.9032258064516129
323,8.0,1.0,-10.0,0.8740225890529973,0.89748045178106,0.6081668114682884,0.5134665508253693,0.6776715899218071,-0.018245004344048653,0.043731778425655975,0.021865889212827987,0.043731778425655975,0.24731182795698925,0.221505376344086,0.9053763440860215
324,8.0,10.0,0.0,0.8879235447437012,0.8983492615117289,0.6055603822762815,0.8879235447437012,0.8983492615117289,0.6055603822762815,0.05830903790087463,0.03935860058309038,0.05830903790087463,0.1913978494623656,0.1935483870967742,0.8903225806451613
325,8.0,10.0,-1.0,0.8879235447437012,0.8983492615117289,0.6055603822762815,0.7758470894874022,0.7966985230234579,0.21112076455256298,0.05830903790087463,0.03935860058309038,0.05830903790087463,0.1913978494623656,0.1935483870967742,0.8903225806451613
326,8.0,10.0,-5.0,0.8809730668983493,0.9000868809730669,0.6055603822762815,0.6437880104257168,0.741094700260643,0.09296264118158123,0.04956268221574344,0.02478134110787172,0.04956268221574344,0.221505376344086,0.210752688172043,0.9032258064516129
327,8.0,10.0,-10.0,0.8740225890529973,0.896611642050391,0.6081668114682884,0.5134665508253693,0.68375325803649,-0.018245004344048653,0.043731778425655975,0.02040816326530612,0.043731778425655975,0.24731182795698925,0.22580645161290322,0.9053763440860215
328,8.0,20.0,0.0,0.8879235447437012,0.89748045178106,0.6055603822762815,0.8879235447437012,0.89748045178106,0.6055603822762815,0.05830903790087463,0.03935860058309038,0.05830903790087463,0.1913978494623656,0.1956989247311828,0.8903225806451613
329,8.0,20.0,-1.0,0.8879235447437012,0.89748045178106,0.6055603822762815,0.7758470894874022,0.7949609035621199,0.21112076455256298,0.05830903790087463,0.03935860058309038,0.05830903790087463,0.1913978494623656,0.1956989247311828,0.8903225806451613
330,8.0,20.0,-5.0,0.8809730668983493,0.9000868809730669,0.6055603822762815,0.6437880104257168,0.7445699391833188,0.09296264118158123,0.04956268221574344,0.023323615160349854,0.04956268221574344,0.221505376344086,0.2129032258064516,0.9032258064516129
331,8.0,20.0,-10.0,0.8740225890529973,0.896611642050391,0.6081668114682884,0.5134665508253693,0.68375325803649,-0.018245004344048653,0.043731778425655975,0.02040816326530612,0.043731778425655975,0.24731182795698925,0.22580645161290322,0.9053763440860215
332,8.0,30.0,0.0,0.8879235447437012,0.8992180712423979,0.6055603822762815,0.8879235447437012,0.8992180712423979,0.6055603822762815,0.05830903790087463,0.03935860058309038,0.05830903790087463,0.1913978494623656,0.1913978494623656,0.8903225806451613
333,8.0,30.0,-1.0,0.8879235447437012,0.8992180712423979,0.6055603822762815,0.7758470894874022,0.7984361424847958,0.21112076455256298,0.05830903790087463,0.03935860058309038,0.05830903790087463,0.1913978494623656,0.1913978494623656,0.8903225806451613
334,8.0,30.0,-5.0,0.8809730668983493,0.9009556907037359,0.6055603822762815,0.6437880104257168,0.7463075586446568,0.09296264118158123,0.04956268221574344,0.023323615160349854,0.04956268221574344,0.221505376344086,0.210752688172043,0.9032258064516129
335,8.0,30.0,-10.0,0.8740225890529973,0.894874022589053,0.6081668114682884,0.5134665508253693,0.6724587315377932,-0.018245004344048653,0.043731778425655975,0.021865889212827987,0.043731778425655975,0.24731182795698925,0.22795698924731184,0.9053763440860215
336,8.0,40.0,0.0,0.8879235447437012,0.8983492615117289,0.6055603822762815,0.8879235447437012,0.8983492615117289,0.6055603822762815,0.05830903790087463,0.03935860058309038,0.05830903790087463,0.1913978494623656,0.1935483870967742,0.8903225806451613
337,8.0,40.0,-1.0,0.8879235447437012,0.8983492615117289,0.6055603822762815,0.7758470894874022,0.7966985230234579,0.21112076455256298,0.05830903790087463,0.03935860058309038,0.05830903790087463,0.1913978494623656,0.1935483870967742,0.8903225806451613
338,8.0,40.0,-5.0,0.8809730668983493,0.8992180712423979,0.6055603822762815,0.6437880104257168,0.739357080799305,0.09296264118158123,0.04956268221574344,0.02478134110787172,0.04956268221574344,0.221505376344086,0.2129032258064516,0.9032258064516129
339,8.0,40.0,-10.0,0.8740225890529973,0.894874022589053,0.6081668114682884,0.5134665508253693,0.6724587315377932,-0.018245004344048653,0.043731778425655975,0.021865889212827987,0.043731778425655975,0.24731182795698925,0.22795698924731184,0.9053763440860215
340,8.0,50.0,0.0,0.8879235447437012,0.896611642050391,0.6055603822762815,0.8879235447437012,0.896611642050391,0.6055603822762815,0.05830903790087463,0.04227405247813411,0.05830903790087463,0.1913978494623656,0.1935483870967742,0.8903225806451613
341,8.0,50.0,-1.0,0.8879235447437012,0.896611642050391,0.6055603822762815,0.7758470894874022,0.7932232841007819,0.21112076455256298,0.05830903790087463,0.04227405247813411,0.05830903790087463,0.1913978494623656,0.1935483870967742,0.8903225806451613
342,8.0,50.0,-5.0,0.8809730668983493,0.9000868809730669,0.6055603822762815,0.6437880104257168,0.737619461337967,0.09296264118158123,0.04956268221574344,0.026239067055393587,0.04956268221574344,0.221505376344086,0.2086021505376344,0.9032258064516129
343,8.0,50.0,-10.0,0.8740225890529973,0.894005212858384,0.6081668114682884,0.5134665508253693,0.6629018245004344,-0.018245004344048653,0.043731778425655975,0.023323615160349854,0.043731778425655975,0.24731182795698925,0.22795698924731184,0.9053763440860215
344,8.0,60.0,0.0,0.8879235447437012,0.8983492615117289,0.6055603822762815,0.8879235447437012,0.8983492615117289,0.6055603822762815,0.05830903790087463,0.03935860058309038,0.05830903790087463,0.1913978494623656,0.1935483870967742,0.8903225806451613
345,8.0,60.0,-1.0,0.8879235447437012,0.8983492615117289,0.6055603822762815,0.7758470894874022,0.7966985230234579,0.21112076455256298,0.05830903790087463,0.03935860058309038,0.05830903790087463,0.1913978494623656,0.1935483870967742,0.8903225806451613
346,8.0,60.0,-5.0,0.8809730668983493,0.89748045178106,0.6055603822762815,0.6437880104257168,0.7289313640312771,0.09296264118158123,0.04956268221574344,0.027696793002915453,0.04956268221574344,0.221505376344086,0.2129032258064516,0.9032258064516129
347,8.0,60.0,-10.0,0.8740225890529973,0.896611642050391,0.6081668114682884,0.5134665508253693,0.68375325803649,-0.018245004344048653,0.043731778425655975,0.02040816326530612,0.043731778425655975,0.24731182795698925,0.22580645161290322,0.9053763440860215
348,8.0,70.0,0.0,0.8879235447437012,0.896611642050391,0.6055603822762815,0.8879235447437012,0.896611642050391,0.6055603822762815,0.05830903790087463,0.04227405247813411,0.05830903790087463,0.1913978494623656,0.1935483870967742,0.8903225806451613
349,8.0,70.0,-1.0,0.8879235447437012,0.896611642050391,0.6055603822762815,0.7758470894874022,0.7932232841007819,0.21112076455256298,0.05830903790087463,0.04227405247813411,0.05830903790087463,0.1913978494623656,0.1935483870967742,0.8903225806451613
350,8.0,70.0,-5.0,0.8809730668983493,0.8992180712423979,0.6055603822762815,0.6437880104257168,0.739357080799305,0.09296264118158123,0.04956268221574344,0.02478134110787172,0.04956268221574344,0.221505376344086,0.2129032258064516,0.9032258064516129
351,8.0,70.0,-10.0,0.8740225890529973,0.895742832319722,0.6081668114682884,0.5134665508253693,0.682015638575152,-0.018245004344048653,0.043731778425655975,0.02040816326530612,0.043731778425655975,0.24731182795698925,0.22795698924731184,0.9053763440860215
352,8.0,80.0,0.0,0.8879235447437012,0.8992180712423979,0.6055603822762815,0.8879235447437012,0.8992180712423979,0.6055603822762815,0.05830903790087463,0.03935860058309038,0.05830903790087463,0.1913978494623656,0.1913978494623656,0.8903225806451613
353,8.0,80.0,-1.0,0.8879235447437012,0.8992180712423979,0.6055603822762815,0.7758470894874022,0.7984361424847958,0.21112076455256298,0.05830903790087463,0.03935860058309038,0.05830903790087463,0.1913978494623656,0.1913978494623656,0.8903225806451613
354,8.0,80.0,-5.0,0.8809730668983493,0.8992180712423979,0.6055603822762815,0.6437880104257168,0.739357080799305,0.09296264118158123,0.04956268221574344,0.02478134110787172,0.04956268221574344,0.221505376344086,0.2129032258064516,0.9032258064516129
355,8.0,80.0,-10.0,0.8740225890529973,0.896611642050391,0.6081668114682884,0.5134665508253693,0.6915725456125109,-0.018245004344048653,0.043731778425655975,0.018950437317784258,0.043731778425655975,0.24731182795698925,0.22795698924731184,0.9053763440860215
356,8.0,90.0,0.0,0.8879235447437012,0.8992180712423979,0.6055603822762815,0.8879235447437012,0.8992180712423979,0.6055603822762815,0.05830903790087463,0.04081632653061224,0.05830903790087463,0.1913978494623656,0.18924731182795698,0.8903225806451613
357,8.0,90.0,-1.0,0.8879235447437012,0.8992180712423979,0.6055603822762815,0.7758470894874022,0.7984361424847958,0.21112076455256298,0.05830903790087463,0.04081632653061224,0.05830903790087463,0.1913978494623656,0.18924731182795698,0.8903225806451613
358,8.0,90.0,-5.0,0.8809730668983493,0.8983492615117289,0.6055603822762815,0.6437880104257168,0.7306689834926151,0.09296264118158123,0.04956268221574344,0.027696793002915453,0.04956268221574344,0.221505376344086,0.210752688172043,0.9032258064516129
359,8.0,90.0,-10.0,0.8740225890529973,0.896611642050391,0.6081668114682884,0.5134665508253693,0.6915725456125109,-0.018245004344048653,0.043731778425655975,0.018950437317784258,0.043731778425655975,0.24731182795698925,0.22795698924731184,0.9053763440860215
360,9.0,1.0,0.0,0.889661164205039,0.8861859252823632,0.8253692441355344,0.889661164205039,0.8861859252823632,0.8253692441355344,0.06758832565284179,0.06451612903225806,0.06758832565284179,0.166,0.178,0.314
361,9.0,1.0,-1.0,0.889661164205039,0.8861859252823632,0.8253692441355344,0.7793223284100782,0.7723718505647263,0.6507384882710686,0.06758832565284179,0.06451612903225806,0.06758832565284179,0.166,0.178,0.314
362,9.0,1.0,-5.0,0.8853171155516942,0.8870547350130321,0.8279756733275413,0.6524761077324066,0.6663770634231103,0.5377932232841007,0.05222734254992319,0.047619047619047616,0.05222734254992319,0.196,0.198,0.328
363,9.0,1.0,-10.0,0.8792354474370113,0.8861859252823632,0.8184187662901824,0.4926151172893136,0.5456125108601216,0.37098175499565594,0.05222734254992319,0.0445468509984639,0.05222734254992319,0.21,0.204,0.35
364,9.0,10.0,0.0,0.889661164205039,0.8844483058210252,0.8253692441355344,0.889661164205039,0.8844483058210252,0.8253692441355344,0.06758832565284179,0.06451612903225806,0.06758832565284179,0.166,0.182,0.314
365,9.0,10.0,-1.0,0.889661164205039,0.8844483058210252,0.8253692441355344,0.7793223284100782,0.7688966116420504,0.6507384882710686,0.06758832565284179,0.06451612903225806,0.06758832565284179,0.166,0.182,0.314
366,9.0,10.0,-5.0,0.8853171155516942,0.8887923544743701,0.8279756733275413,0.6524761077324066,0.6768027801911382,0.5377932232841007,0.05222734254992319,0.0445468509984639,0.05222734254992319,0.196,0.198,0.328
367,9.0,10.0,-10.0,0.8792354474370113,0.8861859252823632,0.8184187662901824,0.4926151172893136,0.5534317984361424,0.37098175499565594,0.05222734254992319,0.043010752688172046,0.05222734254992319,0.21,0.206,0.35
368,9.0,20.0,0.0,0.889661164205039,0.8853171155516942,0.8253692441355344,0.889661164205039,0.8853171155516942,0.8253692441355344,0.06758832565284179,0.06451612903225806,0.06758832565284179,0.166,0.18,0.314
369,9.0,20.0,-1.0,0.889661164205039,0.8853171155516942,0.8253692441355344,0.7793223284100782,0.7706342311033884,0.6507384882710686,0.06758832565284179,0.06451612903225806,0.06758832565284179,0.166,0.18,0.314
370,9.0,20.0,-5.0,0.8853171155516942,0.8870547350130321,0.8279756733275413,0.6524761077324066,0.6629018245004344,0.5377932232841007,0.05222734254992319,0.04915514592933948,0.05222734254992319,0.196,0.196,0.328
371,9.0,20.0,-10.0,0.8792354474370113,0.8835794960903562,0.8184187662901824,0.4926151172893136,0.5325803649000869,0.37098175499565594,0.05222734254992319,0.04608294930875576,0.05222734254992319,0.21,0.208,0.35
372,9.0,30.0,0.0,0.889661164205039,0.8835794960903562,0.8253692441355344,0.889661164205039,0.8835794960903562,0.8253692441355344,0.06758832565284179,0.06758832565284179,0.06758832565284179,0.166,0.18,0.314
373,9.0,30.0,-1.0,0.889661164205039,0.8835794960903562,0.8253692441355344,0.7793223284100782,0.7671589921807124,0.6507384882710686,0.06758832565284179,0.06758832565284179,0.06758832565284179,0.166,0.18,0.314
374,9.0,30.0,-5.0,0.8853171155516942,0.8870547350130321,0.8279756733275413,0.6524761077324066,0.6663770634231103,0.5377932232841007,0.05222734254992319,0.047619047619047616,0.05222734254992319,0.196,0.198,0.328
375,9.0,30.0,-10.0,0.8792354474370113,0.8853171155516942,0.8184187662901824,0.4926151172893136,0.5438748913987836,0.37098175499565594,0.05222734254992319,0.0445468509984639,0.05222734254992319,0.21,0.206,0.35
376,9.0,40.0,0.0,0.889661164205039,0.8818418766290183,0.8253692441355344,0.889661164205039,0.8818418766290183,0.8253692441355344,0.06758832565284179,0.06912442396313365,0.06758832565284179,0.166,0.182,0.314
377,9.0,40.0,-1.0,0.889661164205039,0.8818418766290183,0.8253692441355344,0.7793223284100782,0.7636837532580365,0.6507384882710686,0.06758832565284179,0.06912442396313365,0.06758832565284179,0.166,0.182,0.314
378,9.0,40.0,-5.0,0.8853171155516942,0.8861859252823632,0.8279756733275413,0.6524761077324066,0.6611642050390965,0.5377932232841007,0.05222734254992319,0.04915514592933948,0.05222734254992319,0.196,0.198,0.328
379,9.0,40.0,-10.0,0.8792354474370113,0.8844483058210252,0.8184187662901824,0.4926151172893136,0.5343179843614249,0.37098175499565594,0.05222734254992319,0.04608294930875576,0.05222734254992319,0.21,0.206,0.35
380,9.0,50.0,0.0,0.889661164205039,0.8818418766290183,0.8253692441355344,0.889661164205039,0.8818418766290183,0.8253692441355344,0.06758832565284179,0.0706605222734255,0.06758832565284179,0.166,0.18,0.314
381,9.0,50.0,-1.0,0.889661164205039,0.8818418766290183,0.8253692441355344,0.7793223284100782,0.7636837532580365,0.6507384882710686,0.06758832565284179,0.0706605222734255,0.06758832565284179,0.166,0.18,0.314
382,9.0,50.0,-5.0,0.8853171155516942,0.8853171155516942,0.8279756733275413,0.6524761077324066,0.6559513466550826,0.5377932232841007,0.05222734254992319,0.05069124423963134,0.05222734254992319,0.196,0.198,0.328
383,9.0,50.0,-10.0,0.8792354474370113,0.8835794960903562,0.8184187662901824,0.4926151172893136,0.5325803649000869,0.37098175499565594,0.05222734254992319,0.04608294930875576,0.05222734254992319,0.21,0.208,0.35
384,9.0,60.0,0.0,0.889661164205039,0.8844483058210252,0.8253692441355344,0.889661164205039,0.8844483058210252,0.8253692441355344,0.06758832565284179,0.06758832565284179,0.06758832565284179,0.166,0.178,0.314
385,9.0,60.0,-1.0,0.889661164205039,0.8844483058210252,0.8253692441355344,0.7793223284100782,0.7688966116420504,0.6507384882710686,0.06758832565284179,0.06758832565284179,0.06758832565284179,0.166,0.178,0.314
386,9.0,60.0,-5.0,0.8853171155516942,0.8861859252823632,0.8279756733275413,0.6524761077324066,0.6646394439617723,0.5377932232841007,0.05222734254992319,0.047619047619047616,0.05222734254992319,0.196,0.2,0.328
387,9.0,60.0,-10.0,0.8792354474370113,0.8861859252823632,0.8184187662901824,0.4926151172893136,0.5534317984361424,0.37098175499565594,0.05222734254992319,0.043010752688172046,0.05222734254992319,0.21,0.206,0.35
388,9.0,70.0,0.0,0.889661164205039,0.8809730668983493,0.8253692441355344,0.889661164205039,0.8809730668983493,0.8253692441355344,0.06758832565284179,0.0706605222734255,0.06758832565284179,0.166,0.182,0.314
389,9.0,70.0,-1.0,0.889661164205039,0.8809730668983493,0.8253692441355344,0.7793223284100782,0.7619461337966985,0.6507384882710686,0.06758832565284179,0.0706605222734255,0.06758832565284179,0.166,0.182,0.314
390,9.0,70.0,-5.0,0.8853171155516942,0.8844483058210252,0.8279756733275413,0.6524761077324066,0.6507384882710686,0.5377932232841007,0.05222734254992319,0.05222734254992319,0.05222734254992319,0.196,0.198,0.328
391,9.0,70.0,-10.0,0.8792354474370113,0.8835794960903562,0.8184187662901824,0.4926151172893136,0.5325803649000869,0.37098175499565594,0.05222734254992319,0.04608294930875576,0.05222734254992319,0.21,0.208,0.35
392,9.0,80.0,0.0,0.889661164205039,0.8818418766290183,0.8253692441355344,0.889661164205039,0.8818418766290183,0.8253692441355344,0.06758832565284179,0.07373271889400922,0.06758832565284179,0.166,0.176,0.314
393,9.0,80.0,-1.0,0.889661164205039,0.8818418766290183,0.8253692441355344,0.7793223284100782,0.7636837532580365,0.6507384882710686,0.06758832565284179,0.07373271889400922,0.06758832565284179,0.166,0.176,0.314
394,9.0,80.0,-5.0,0.8853171155516942,0.8844483058210252,0.8279756733275413,0.6524761077324066,0.6507384882710686,0.5377932232841007,0.05222734254992319,0.05222734254992319,0.05222734254992319,0.196,0.198,0.328
395,9.0,80.0,-10.0,0.8792354474370113,0.8844483058210252,0.8184187662901824,0.4926151172893136,0.526498696785404,0.37098175499565594,0.05222734254992319,0.047619047619047616,0.05222734254992319,0.21,0.204,0.35
396,9.0,90.0,0.0,0.889661164205039,0.8818418766290183,0.8253692441355344,0.889661164205039,0.8818418766290183,0.8253692441355344,0.06758832565284179,0.07219662058371736,0.06758832565284179,0.166,0.178,0.314
397,9.0,90.0,-1.0,0.889661164205039,0.8818418766290183,0.8253692441355344,0.7793223284100782,0.7636837532580365,0.6507384882710686,0.06758832565284179,0.07219662058371736,0.06758832565284179,0.166,0.178,0.314
398,9.0,90.0,-5.0,0.8853171155516942,0.8835794960903562,0.8279756733275413,0.6524761077324066,0.6490008688097306,0.5377932232841007,0.05222734254992319,0.05222734254992319,0.05222734254992319,0.196,0.2,0.328
399,9.0,90.0,-10.0,0.8792354474370113,0.8835794960903562,0.8184187662901824,0.4926151172893136,0.5247610773240661,0.37098175499565594,0.05222734254992319,0.047619047619047616,0.05222734254992319,0.21,0.206,0.35
